[debug] [2026-08-06T02:37:22.143Z] ----------------------------------------------------------------------
[debug] [2026-08-06T02:37:22.145Z] Command:       /usr/local/share/nvm/versions/node/v24.14.0/bin/node /home/codespace/nvm/current/bin/firebase init
[debug] [2026-08-06T02:37:22.145Z] CLI Version:   15.25.1
[debug] [2026-08-06T02:37:22.146Z] Platform:      linux
[debug] [2026-08-06T02:37:22.146Z] Node Version:  v24.14.0
[debug] [2026-08-06T02:37:22.146Z] Detected Agent: unknown
[debug] [2026-08-06T02:37:22.146Z] Time:          Thu Aug 06 2026 02:37:22 GMT+0000 (Coordinated Universal Time)
[debug] [2026-08-06T02:37:22.146Z] ----------------------------------------------------------------------
[debug] 
[info] 
     ######## #### ########  ######## ########     ###     ######  ########
     ##        ##  ##     ## ##       ##     ##  ##   ##  ##       ##
     ######    ##  ########  ######   ########  #########  ######  ######
     ##        ##  ##    ##  ##       ##     ## ##     ##       ## ##
     ##       #### ##     ## ######## ########  ##     ##  ######  ########

You're about to initialize a Firebase project in this directory:

  /workspaces/pudo_kanae_1/PUDOWebApp

Before we get started, keep in mind:

  * You are currently outside your home directory

[info] 
=== Project Setup
[info] 
[info] First, let's associate this project directory with a Firebase project.
[info] You can create multiple project aliases by running firebase use --add, 
[info] 
[debug] [2026-08-06T02:37:28.268Z] > command requires scopes: ["email","openid","https://www.googleapis.com/auth/cloudplatformprojects.readonly","https://www.googleapis.com/auth/firebase","https://www.googleapis.com/auth/cloud-platform"]
[debug] [2026-08-06T02:37:28.269Z] > authorizing via signed-in user (hen.the.jima.sek1yu@gmail.com)
[debug] [2026-08-06T02:37:28.284Z] Checked if tokens are valid: true, expires at: 1785987433793
[debug] [2026-08-06T02:37:28.284Z] Checked if tokens are valid: true, expires at: 1785987433793
[debug] [2026-08-06T02:37:28.285Z] >>> [apiv2][query] GET https://firebase.googleapis.com/v1beta1/projects pageSize=100
[debug] [2026-08-06T02:37:29.190Z] <<< [apiv2][status] GET https://firebase.googleapis.com/v1beta1/projects 200
[debug] [2026-08-06T02:37:29.190Z] <<< [apiv2][body] GET https://firebase.googleapis.com/v1beta1/projects [omitted]
[info] 
=== Dataconnect Setup
[info] i  dataconnect: ensuring required API firebasedataconnect.googleapis.com is enabled... 
[debug] [2026-08-06T02:37:31.518Z] Checked if tokens are valid: true, expires at: 1785987433793
[debug] [2026-08-06T02:37:31.518Z] Checked if tokens are valid: true, expires at: 1785987433793
[info] i  dataconnect: ensuring required API sqladmin.googleapis.com is enabled... 
[debug] [2026-08-06T02:37:31.519Z] Checked if tokens are valid: true, expires at: 1785987433793
[debug] [2026-08-06T02:37:31.519Z] Checked if tokens are valid: true, expires at: 1785987433793
[debug] [2026-08-06T02:37:31.520Z] >>> [apiv2][query] GET https://serviceusage.googleapis.com/v1/projects/thesougeiwariate/services/firebasedataconnect.googleapis.com [none]
[debug] [2026-08-06T02:37:31.520Z] >>> [apiv2][(partial)header] GET https://serviceusage.googleapis.com/v1/projects/thesougeiwariate/services/firebasedataconnect.googleapis.com  x-goog-user-project=thesougeiwariate
[debug] [2026-08-06T02:37:31.523Z] >>> [apiv2][query] GET https://serviceusage.googleapis.com/v1/projects/thesougeiwariate/services/sqladmin.googleapis.com [none]
[debug] [2026-08-06T02:37:31.523Z] >>> [apiv2][(partial)header] GET https://serviceusage.googleapis.com/v1/projects/thesougeiwariate/services/sqladmin.googleapis.com  x-goog-user-project=thesougeiwariate
[debug] [2026-08-06T02:37:32.859Z] <<< [apiv2][status] GET https://serviceusage.googleapis.com/v1/projects/thesougeiwariate/services/firebasedataconnect.googleapis.com 200
[debug] [2026-08-06T02:37:32.859Z] <<< [apiv2][body] GET https://serviceusage.googleapis.com/v1/projects/thesougeiwariate/services/firebasedataconnect.googleapis.com [omitted]
[warn] ⚠  dataconnect: missing required API firebasedataconnect.googleapis.com. Enabling now... 
[debug] [2026-08-06T02:37:32.860Z] Checked if tokens are valid: true, expires at: 1785987433793
[debug] [2026-08-06T02:37:32.860Z] Checked if tokens are valid: true, expires at: 1785987433793
[debug] [2026-08-06T02:37:32.860Z] >>> [apiv2][query] POST https://serviceusage.googleapis.com/v1/projects/thesougeiwariate/services/firebasedataconnect.googleapis.com:enable [none]
[debug] [2026-08-06T02:37:32.860Z] >>> [apiv2][(partial)header] POST https://serviceusage.googleapis.com/v1/projects/thesougeiwariate/services/firebasedataconnect.googleapis.com:enable  x-goog-user-project=thesougeiwariate
[debug] [2026-08-06T02:37:32.888Z] <<< [apiv2][status] GET https://serviceusage.googleapis.com/v1/projects/thesougeiwariate/services/sqladmin.googleapis.com 200
[debug] [2026-08-06T02:37:32.888Z] <<< [apiv2][body] GET https://serviceusage.googleapis.com/v1/projects/thesougeiwariate/services/sqladmin.googleapis.com [omitted]
[warn] ⚠  dataconnect: missing required API sqladmin.googleapis.com. Enabling now... 
[debug] [2026-08-06T02:37:32.889Z] Checked if tokens are valid: true, expires at: 1785987433793
[debug] [2026-08-06T02:37:32.889Z] Checked if tokens are valid: true, expires at: 1785987433793
[debug] [2026-08-06T02:37:32.889Z] >>> [apiv2][query] POST https://serviceusage.googleapis.com/v1/projects/thesougeiwariate/services/sqladmin.googleapis.com:enable [none]
[debug] [2026-08-06T02:37:32.889Z] >>> [apiv2][(partial)header] POST https://serviceusage.googleapis.com/v1/projects/thesougeiwariate/services/sqladmin.googleapis.com:enable  x-goog-user-project=thesougeiwariate
[debug] [2026-08-06T02:37:33.272Z] <<< [apiv2][status] POST https://serviceusage.googleapis.com/v1/projects/thesougeiwariate/services/firebasedataconnect.googleapis.com:enable 200
[debug] [2026-08-06T02:37:33.272Z] <<< [apiv2][body] POST https://serviceusage.googleapis.com/v1/projects/thesougeiwariate/services/firebasedataconnect.googleapis.com:enable [omitted]
[debug] [2026-08-06T02:37:34.486Z] <<< [apiv2][status] POST https://serviceusage.googleapis.com/v1/projects/thesougeiwariate/services/sqladmin.googleapis.com:enable 200
[debug] [2026-08-06T02:37:34.487Z] <<< [apiv2][body] POST https://serviceusage.googleapis.com/v1/projects/thesougeiwariate/services/sqladmin.googleapis.com:enable [omitted]
[debug] [2026-08-06T02:37:44.503Z] Checked if tokens are valid: true, expires at: 1785987433793
[debug] [2026-08-06T02:37:44.503Z] Checked if tokens are valid: true, expires at: 1785987433793
[debug] [2026-08-06T02:37:44.504Z] >>> [apiv2][query] GET https://firebasedataconnect.googleapis.com/v1/projects/thesougeiwariate/locations/-/services [none]
[debug] [2026-08-06T02:37:46.119Z] <<< [apiv2][status] GET https://firebasedataconnect.googleapis.com/v1/projects/thesougeiwariate/locations/-/services 200
[debug] [2026-08-06T02:37:46.120Z] <<< [apiv2][body] GET https://firebasedataconnect.googleapis.com/v1/projects/thesougeiwariate/locations/-/services {}
[debug] [2026-08-06T02:51:26.265Z] Checked if tokens are valid: true, expires at: 1785987433793
[debug] [2026-08-06T02:51:26.268Z] Checked if tokens are valid: true, expires at: 1785987433793
[debug] [2026-08-06T02:51:26.268Z] >>> [apiv2][query] GET https://serviceusage.googleapis.com/v1/projects/thesougeiwariate/services/cloudbilling.googleapis.com [none]
[debug] [2026-08-06T02:51:26.274Z] >>> [apiv2][(partial)header] GET https://serviceusage.googleapis.com/v1/projects/thesougeiwariate/services/cloudbilling.googleapis.com  x-goog-user-project=thesougeiwariate
[debug] [2026-08-06T02:51:27.596Z] <<< [apiv2][status] GET https://serviceusage.googleapis.com/v1/projects/thesougeiwariate/services/cloudbilling.googleapis.com 200
[debug] [2026-08-06T02:51:27.597Z] <<< [apiv2][body] GET https://serviceusage.googleapis.com/v1/projects/thesougeiwariate/services/cloudbilling.googleapis.com [omitted]
[debug] [2026-08-06T02:51:27.598Z] Checked if tokens are valid: true, expires at: 1785987433793
[debug] [2026-08-06T02:51:27.598Z] Checked if tokens are valid: true, expires at: 1785987433793
[debug] [2026-08-06T02:51:27.604Z] >>> [apiv2][query] POST https://serviceusage.googleapis.com/v1/projects/thesougeiwariate/services/cloudbilling.googleapis.com:enable [none]
[debug] [2026-08-06T02:51:27.604Z] >>> [apiv2][(partial)header] POST https://serviceusage.googleapis.com/v1/projects/thesougeiwariate/services/cloudbilling.googleapis.com:enable  x-goog-user-project=thesougeiwariate
[debug] [2026-08-06T02:51:29.027Z] <<< [apiv2][status] POST https://serviceusage.googleapis.com/v1/projects/thesougeiwariate/services/cloudbilling.googleapis.com:enable 200
[debug] [2026-08-06T02:51:29.027Z] <<< [apiv2][body] POST https://serviceusage.googleapis.com/v1/projects/thesougeiwariate/services/cloudbilling.googleapis.com:enable [omitted]
[debug] [2026-08-06T02:51:39.039Z] Checked if tokens are valid: true, expires at: 1785987433793
[debug] [2026-08-06T02:51:39.039Z] Checked if tokens are valid: true, expires at: 1785987433793
[debug] [2026-08-06T02:51:39.040Z] >>> [apiv2][query] GET https://cloudbilling.googleapis.com/v1/projects/thesougeiwariate/billingInfo [none]
[debug] [2026-08-06T02:51:39.040Z] >>> [apiv2][(partial)header] GET https://cloudbilling.googleapis.com/v1/projects/thesougeiwariate/billingInfo  x-goog-user-project=thesougeiwariate
[debug] [2026-08-06T02:51:40.394Z] <<< [apiv2][status] GET https://cloudbilling.googleapis.com/v1/projects/thesougeiwariate/billingInfo 200
[debug] [2026-08-06T02:51:40.395Z] <<< [apiv2][body] GET https://cloudbilling.googleapis.com/v1/projects/thesougeiwariate/billingInfo {"name":"projects/thesougeiwariate/billingInfo","projectId":"thesougeiwariate","billingAccountName":"billingAccounts/012687-59C2BD-62B148","billingEnabled":true}
[debug] [2026-08-06T02:51:40.396Z] Checked if tokens are valid: true, expires at: 1785987433793
[debug] [2026-08-06T02:51:40.396Z] Checked if tokens are valid: true, expires at: 1785987433793
[debug] [2026-08-06T02:51:40.397Z] >>> [apiv2][query] GET https://monitoring.googleapis.com/v3/projects/thesougeiwariate/timeSeries/ filter=metric.type%3D%22serviceruntime.googleapis.com%2Fquota%2Fallocation%2Fusage%22+AND+metric.label.quota_metric+%3D+%22sqladmin.googleapis.com%2Ffdc_lifetime_free_trial_per_project%22&interval.endTime=2026-08-06T02%3A51%3A40.396Z&interval.startTime=2026-07-30T02%3A51%3A40.396Z
[debug] [2026-08-06T02:51:42.535Z] <<< [apiv2][status] GET https://monitoring.googleapis.com/v3/projects/thesougeiwariate/timeSeries/ 200
[debug] [2026-08-06T02:51:42.535Z] <<< [apiv2][body] GET https://monitoring.googleapis.com/v3/projects/thesougeiwariate/timeSeries/ {"unit":"1"}
[info] ✔  dataconnect: CloudSQL no cost trial available! 
[debug] [2026-08-06T02:51:42.536Z] Checked if tokens are valid: true, expires at: 1785987433793
[debug] [2026-08-06T02:51:42.536Z] Checked if tokens are valid: true, expires at: 1785987433793
[debug] [2026-08-06T02:51:42.536Z] >>> [apiv2][query] GET https://sqladmin.googleapis.com/v1/projects/thesougeiwariate/instances [none]
[debug] [2026-08-06T02:51:43.286Z] <<< [apiv2][status] GET https://sqladmin.googleapis.com/v1/projects/thesougeiwariate/instances 200
[debug] [2026-08-06T02:51:43.286Z] <<< [apiv2][body] GET https://sqladmin.googleapis.com/v1/projects/thesougeiwariate/instances {}
[debug] [2026-08-06T02:51:43.287Z] Checked if tokens are valid: true, expires at: 1785987433793
[debug] [2026-08-06T02:51:43.288Z] Checked if tokens are valid: true, expires at: 1785987433793
[debug] [2026-08-06T02:51:43.290Z] >>> [apiv2][query] GET https://firebasedataconnect.googleapis.com/v1/projects/thesougeiwariate/locations [none]
[debug] [2026-08-06T02:51:44.559Z] <<< [apiv2][status] GET https://firebasedataconnect.googleapis.com/v1/projects/thesougeiwariate/locations 200
[debug] [2026-08-06T02:51:44.560Z] <<< [apiv2][body] GET https://firebasedataconnect.googleapis.com/v1/projects/thesougeiwariate/locations {"locations":[{"name":"projects/thesougeiwariate/locations/asia-east1","locationId":"asia-east1","displayName":"Taiwan"},{"name":"projects/thesougeiwariate/locations/asia-east2","locationId":"asia-east2","displayName":"Hong Kong"},{"name":"projects/thesougeiwariate/locations/asia-northeast1","locationId":"asia-northeast1","displayName":"Tokyo"},{"name":"projects/thesougeiwariate/locations/asia-northeast2","locationId":"asia-northeast2","displayName":"Osaka"},{"name":"projects/thesougeiwariate/locations/asia-northeast3","locationId":"asia-northeast3","displayName":"Seoul"},{"name":"projects/thesougeiwariate/locations/asia-south1","locationId":"asia-south1","displayName":"Mumbai"},{"name":"projects/thesougeiwariate/locations/asia-southeast1","locationId":"asia-southeast1","displayName":"Singapore"},{"name":"projects/thesougeiwariate/locations/asia-southeast2","locationId":"asia-southeast2","displayName":"Jakarta"},{"name":"projects/thesougeiwariate/locations/australia-southeast1","locationId":"australia-southeast1","displayName":"Sydney"},{"name":"projects/thesougeiwariate/locations/australia-southeast2","locationId":"australia-southeast2","displayName":"Melbourne"},{"name":"projects/thesougeiwariate/locations/europe-central2","locationId":"europe-central2","displayName":"Warsaw"},{"name":"projects/thesougeiwariate/locations/europe-north1","locationId":"europe-north1","displayName":"Finland"},{"name":"projects/thesougeiwariate/locations/europe-southwest1","locationId":"europe-southwest1","displayName":"Madrid"},{"name":"projects/thesougeiwariate/locations/europe-west1","locationId":"europe-west1","displayName":"Belgium"},{"name":"projects/thesougeiwariate/locations/europe-west2","locationId":"europe-west2","displayName":"London"},{"name":"projects/thesougeiwariate/locations/europe-west3","locationId":"europe-west3","displayName":"Frankfurt"},{"name":"projects/thesougeiwariate/locations/europe-west4","locationId":"europe-west4","displayName":"Netherlands"},{"name":"projects/thesougeiwariate/locations/europe-west6","locationId":"europe-west6","displayName":"Zurich"},{"name":"projects/thesougeiwariate/locations/europe-west8","locationId":"europe-west8","displayName":"Milan"},{"name":"projects/thesougeiwariate/locations/europe-west9","locationId":"europe-west9","displayName":"Paris"},{"name":"projects/thesougeiwariate/locations/me-west1","locationId":"me-west1","displayName":"Tel Aviv"},{"name":"projects/thesougeiwariate/locations/northamerica-northeast1","locationId":"northamerica-northeast1","displayName":"Montréal"},{"name":"projects/thesougeiwariate/locations/northamerica-northeast2","locationId":"northamerica-northeast2","displayName":"Toronto"},{"name":"projects/thesougeiwariate/locations/southamerica-east1","locationId":"southamerica-east1","displayName":"São Paulo"},{"name":"projects/thesougeiwariate/locations/southamerica-west1","locationId":"southamerica-west1","displayName":"Santiago"},{"name":"projects/thesougeiwariate/locations/us-central1","locationId":"us-central1","displayName":"Iowa"},{"name":"projects/thesougeiwariate/locations/us-east1","locationId":"us-east1","displayName":"South Carolina"},{"name":"projects/thesougeiwariate/locations/us-east4","locationId":"us-east4","displayName":"Northern Virginia"},{"name":"projects/thesougeiwariate/locations/us-south1","locationId":"us-south1","displayName":"Dallas"},{"name":"projects/thesougeiwariate/locations/us-west1","locationId":"us-west1","displayName":"Oregon"},{"name":"projects/thesougeiwariate/locations/us-west2","locationId":"us-west2","displayName":"Los Angeles"},{"name":"projects/thesougeiwariate/locations/us-west3","locationId":"us-west3","displayName":"Salt Lake City"},{"name":"projects/thesougeiwariate/locations/us-west4","locationId":"us-west4","displayName":"Las Vegas"}]}
[warn] ⚠  dataconnect: Cannot detect an existing app in the current directory. 
[debug] [2026-08-06T03:07:00.881Z] Checked if tokens are valid: true, expires at: 1785987433793
[debug] [2026-08-06T03:07:00.882Z] Checked if tokens are valid: true, expires at: 1785987433793
[debug] [2026-08-06T03:07:00.883Z] >>> [apiv2][query] POST https://firebasedataconnect.googleapis.com/v1/projects/thesougeiwariate/locations/us-central1/services service_id=pudowebapp
[debug] [2026-08-06T03:07:00.883Z] >>> [apiv2][body] POST https://firebasedataconnect.googleapis.com/v1/projects/thesougeiwariate/locations/us-central1/services {"name":"projects/thesougeiwariate/locations/us-central1/services/pudowebapp"}
[debug] [2026-08-06T03:07:03.331Z] <<< [apiv2][status] POST https://firebasedataconnect.googleapis.com/v1/projects/thesougeiwariate/locations/us-central1/services 200
[debug] [2026-08-06T03:07:03.335Z] <<< [apiv2][body] POST https://firebasedataconnect.googleapis.com/v1/projects/thesougeiwariate/locations/us-central1/services {"name":"projects/thesougeiwariate/locations/us-central1/operations/operation-1785985622128-658582e94b586-27b682fd-694ef850","metadata":{"@type":"type.googleapis.com/google.firebase.dataconnect.v1.OperationMetadata","createTime":"2026-08-06T03:07:03.217121061Z","target":"projects/thesougeiwariate/locations/us-central1/services/pudowebapp","verb":"create","requestedCancellation":false,"apiVersion":"v1"},"done":false}
[debug] [2026-08-06T03:07:03.336Z] Checked if tokens are valid: true, expires at: 1785987433793
[debug] [2026-08-06T03:07:03.336Z] Checked if tokens are valid: true, expires at: 1785987433793
[debug] [2026-08-06T03:07:03.336Z] >>> [apiv2][query] GET https://firebasedataconnect.googleapis.com/v1/projects/thesougeiwariate/locations/us-central1/operations/operation-1785985622128-658582e94b586-27b682fd-694ef850 [none]
[debug] [2026-08-06T03:07:03.611Z] <<< [apiv2][status] GET https://firebasedataconnect.googleapis.com/v1/projects/thesougeiwariate/locations/us-central1/operations/operation-1785985622128-658582e94b586-27b682fd-694ef850 200
[debug] [2026-08-06T03:07:03.612Z] <<< [apiv2][body] GET https://firebasedataconnect.googleapis.com/v1/projects/thesougeiwariate/locations/us-central1/operations/operation-1785985622128-658582e94b586-27b682fd-694ef850 {"name":"projects/thesougeiwariate/locations/us-central1/operations/operation-1785985622128-658582e94b586-27b682fd-694ef850","metadata":{"@type":"type.googleapis.com/google.firebase.dataconnect.v1.OperationMetadata","createTime":"2026-08-06T03:07:03.217121061Z","target":"projects/thesougeiwariate/locations/us-central1/services/pudowebapp","verb":"create","requestedCancellation":false,"apiVersion":"v1"},"done":false}
[debug] [2026-08-06T03:07:04.112Z] [LRO Poller] Retrying task index 0
[debug] [2026-08-06T03:07:04.112Z] Checked if tokens are valid: true, expires at: 1785987433793
[debug] [2026-08-06T03:07:04.113Z] Checked if tokens are valid: true, expires at: 1785987433793
[debug] [2026-08-06T03:07:04.113Z] >>> [apiv2][query] GET https://firebasedataconnect.googleapis.com/v1/projects/thesougeiwariate/locations/us-central1/operations/operation-1785985622128-658582e94b586-27b682fd-694ef850 [none]
[debug] [2026-08-06T03:07:04.339Z] <<< [apiv2][status] GET https://firebasedataconnect.googleapis.com/v1/projects/thesougeiwariate/locations/us-central1/operations/operation-1785985622128-658582e94b586-27b682fd-694ef850 200
[debug] [2026-08-06T03:07:04.339Z] <<< [apiv2][body] GET https://firebasedataconnect.googleapis.com/v1/projects/thesougeiwariate/locations/us-central1/operations/operation-1785985622128-658582e94b586-27b682fd-694ef850 {"name":"projects/thesougeiwariate/locations/us-central1/operations/operation-1785985622128-658582e94b586-27b682fd-694ef850","metadata":{"@type":"type.googleapis.com/google.firebase.dataconnect.v1.OperationMetadata","createTime":"2026-08-06T03:07:03.217121061Z","target":"projects/thesougeiwariate/locations/us-central1/services/pudowebapp","verb":"create","requestedCancellation":false,"apiVersion":"v1"},"done":false}
[debug] [2026-08-06T03:07:05.339Z] [LRO Poller] Retrying task index 0
[debug] [2026-08-06T03:07:05.340Z] Checked if tokens are valid: true, expires at: 1785987433793
[debug] [2026-08-06T03:07:05.340Z] Checked if tokens are valid: true, expires at: 1785987433793
[debug] [2026-08-06T03:07:05.340Z] >>> [apiv2][query] GET https://firebasedataconnect.googleapis.com/v1/projects/thesougeiwariate/locations/us-central1/operations/operation-1785985622128-658582e94b586-27b682fd-694ef850 [none]
[debug] [2026-08-06T03:07:05.613Z] <<< [apiv2][status] GET https://firebasedataconnect.googleapis.com/v1/projects/thesougeiwariate/locations/us-central1/operations/operation-1785985622128-658582e94b586-27b682fd-694ef850 200
[debug] [2026-08-06T03:07:05.613Z] <<< [apiv2][body] GET https://firebasedataconnect.googleapis.com/v1/projects/thesougeiwariate/locations/us-central1/operations/operation-1785985622128-658582e94b586-27b682fd-694ef850 {"name":"projects/thesougeiwariate/locations/us-central1/operations/operation-1785985622128-658582e94b586-27b682fd-694ef850","metadata":{"@type":"type.googleapis.com/google.firebase.dataconnect.v1.OperationMetadata","createTime":"2026-08-06T03:07:03.217121061Z","endTime":"2026-08-06T03:07:04.586848639Z","target":"projects/thesougeiwariate/locations/us-central1/services/pudowebapp","verb":"create","requestedCancellation":false,"apiVersion":"v1"},"done":true,"response":{"@type":"type.googleapis.com/google.firebase.dataconnect.v1.Service","name":"projects/thesougeiwariate/locations/us-central1/services/pudowebapp","createTime":"2026-08-06T03:07:03.211697311Z","updateTime":"2026-08-06T03:07:03.211697311Z","uid":"8f3ef9cc-df04-488d-831f-59b94e80f0e9","reconciling":false,"etag":"ZMcG1LHqGED6xEA3OsLsV706mPC8l3JFJ2cylT-Wk8A"}}
[debug] [2026-08-06T03:07:05.616Z] [Agent Service] Reusable cURL command:\ncurl -X POST "https://firebasedataconnect.googleapis.com/v1/projects/thesougeiwariate/locations/us-central1/services/-:generateSchema" -H "Content-Type: application/json" -H "Authorization: Bearer $(gcloud auth print-access-token)" -d '{"name":"projects/thesougeiwariate/locations/us-central1/services/-","prompt":"送迎割り当て表アプリを作りたい。車両名・職員名・利用者名のカードを日本語で入力してドラッグ・アンド・ドロップで配置する形式。Firebaseにデータベース情報を保存して、リアルタイム更新するようにしたい。アプリを使うのはITの素人。レスポンシブデザイン。"}'
[debug] [2026-08-06T03:07:05.617Z] Checked if tokens are valid: true, expires at: 1785987433793
[debug] [2026-08-06T03:07:05.617Z] Checked if tokens are valid: true, expires at: 1785987433793
[debug] [2026-08-06T03:07:05.617Z] >>> [apiv2][query] POST https://firebasedataconnect.googleapis.com/v1/projects/thesougeiwariate/locations/us-central1/services/-:generateSchema [none]
[debug] [2026-08-06T03:07:05.617Z] >>> [apiv2][body] POST https://firebasedataconnect.googleapis.com/v1/projects/thesougeiwariate/locations/us-central1/services/-:generateSchema {"name":"projects/thesougeiwariate/locations/us-central1/services/-","prompt":"送迎割り当て表アプリを作りたい。車両名・職員名・利用者名のカードを日本語で入力してドラッグ・アンド・ドロップで配置する形式。Firebaseにデータベース情報を保存して、リアルタイム更新するようにしたい。アプリを使うのはITの素人。レスポンシブデザイン。"}
[debug] [2026-08-06T03:07:06.951Z] <<< [apiv2][status] POST https://firebasedataconnect.googleapis.com/v1/projects/thesougeiwariate/locations/us-central1/services/-:generateSchema 200
[debug] [2026-08-06T03:07:06.951Z] <<< [apiv2][body] POST https://firebasedataconnect.googleapis.com/v1/projects/thesougeiwariate/locations/us-central1/services/-:generateSchema [stream]
[debug] [2026-08-06T03:07:14.201Z] Checked if tokens are valid: true, expires at: 1785987433793
[debug] [2026-08-06T03:07:14.201Z] Checked if tokens are valid: true, expires at: 1785987433793
[debug] [2026-08-06T03:07:14.201Z] [Agent Service] Reusable cURL command:\ncurl -X POST "https://firebasedataconnect.googleapis.com/v1/projects/thesougeiwariate/locations/us-central1/services/-:generateQuery" -H "Content-Type: application/json" -H "Authorization: Bearer $(gcloud auth print-access-token)" -d '{"name":"projects/thesougeiwariate/locations/us-central1/services/-","prompt":"Generate at least one create (insert/upsert), delete, update, get (read by key), and list operation for each table defined in the schema. For user-specific data, use the 'auth.uid' server value (e.g., id_expr: \"auth.uid\") or correct filters to secure user-owned data and require authentication using @auth(level: USER). For publicly accessible data, use @auth(level: PUBLIC, insecureReason: \"why is it OK to be public?\")","schemas":[{"name":"projects/thesougeiwariate/locations/us-central1/services/pudowebapp/schemas/main","datasources":[],"source":{"files":[{"path":"schema.gql","content":"type Vehicle @table {\n  name: String!\n}\n\ntype Staff @table {\n  name: String!\n}\n\ntype Client @table {\n  name: String!\n  # 現在の所属先（車両）または未割り当てであることを示すための参照\n  currentVehicle: Vehicle\n}\n\ntype Assignment @table {\n  # 割り当ての日付\n  date: Date!\n  \n  # どの車両か\n  vehicle: Vehicle!\n  \n  # 誰が担当か\n  staff: Staff\n  \n  # どの利用者を乗せるか（1対1の関係を複数保持するため、\n  # 割り当てに対して利用者が紐づく構造にしています）\n  client: Client!\n}"}]}}]}'
[debug] [2026-08-06T03:07:14.201Z] Checked if tokens are valid: true, expires at: 1785987433793
[debug] [2026-08-06T03:07:14.201Z] Checked if tokens are valid: true, expires at: 1785987433793
[debug] [2026-08-06T03:07:14.201Z] [Agent Service] Reusable cURL command:\ncurl -X POST "https://firebasedataconnect.googleapis.com/v1/projects/thesougeiwariate/locations/us-central1/services/-:generateQuery" -H "Content-Type: application/json" -H "Authorization: Bearer $(gcloud auth print-access-token)" -d '{"name":"projects/thesougeiwariate/locations/us-central1/services/-","prompt":"Create a single mutation wrapped in a @transaction to populate the database with seed data. The mutation should call the insertMany action (e.g., table_insertMany) for all tables/entities defined in the schema, using fake data. Generate appropriate fake records (3 to 5 per table) conforming to the schema and including proper relationships/foreign keys.","schemas":[{"name":"projects/thesougeiwariate/locations/us-central1/services/pudowebapp/schemas/main","datasources":[],"source":{"files":[{"path":"schema.gql","content":"type Vehicle @table {\n  name: String!\n}\n\ntype Staff @table {\n  name: String!\n}\n\ntype Client @table {\n  name: String!\n  # 現在の所属先（車両）または未割り当てであることを示すための参照\n  currentVehicle: Vehicle\n}\n\ntype Assignment @table {\n  # 割り当ての日付\n  date: Date!\n  \n  # どの車両か\n  vehicle: Vehicle!\n  \n  # 誰が担当か\n  staff: Staff\n  \n  # どの利用者を乗せるか（1対1の関係を複数保持するため、\n  # 割り当てに対して利用者が紐づく構造にしています）\n  client: Client!\n}"}]}}]}'
[debug] [2026-08-06T03:07:14.201Z] Checked if tokens are valid: true, expires at: 1785987433793
[debug] [2026-08-06T03:07:14.201Z] Checked if tokens are valid: true, expires at: 1785987433793
[debug] [2026-08-06T03:07:14.202Z] >>> [apiv2][query] PATCH https://firebasedataconnect.googleapis.com/v1/projects/thesougeiwariate/locations/us-central1/services/pudowebapp/schemas/main allowMissing=true&validateOnly=false
[debug] [2026-08-06T03:07:14.205Z] >>> [apiv2][body] PATCH https://firebasedataconnect.googleapis.com/v1/projects/thesougeiwariate/locations/us-central1/services/pudowebapp/schemas/main {"name":"projects/thesougeiwariate/locations/us-central1/services/pudowebapp/schemas/main","datasources":[{"postgresql":{}}],"source":{"files":[{"path":"schema.gql","content":"type Vehicle @table {\n  name: String!\n}\n\ntype Staff @table {\n  name: String!\n}\n\ntype Client @table {\n  name: String!\n  # 現在の所属先（車両）または未割り当てであることを示すための参照\n  currentVehicle: Vehicle\n}\n\ntype Assignment @table {\n  # 割り当ての日付\n  date: Date!\n  \n  # どの車両か\n  vehicle: Vehicle!\n  \n  # 誰が担当か\n  staff: Staff\n  \n  # どの利用者を乗せるか（1対1の関係を複数保持するため、\n  # 割り当てに対して利用者が紐づく構造にしています）\n  client: Client!\n}"}]}}
[debug] [2026-08-06T03:07:14.209Z] >>> [apiv2][query] POST https://firebasedataconnect.googleapis.com/v1/projects/thesougeiwariate/locations/us-central1/services/-:generateQuery [none]
[debug] [2026-08-06T03:07:14.209Z] >>> [apiv2][body] POST https://firebasedataconnect.googleapis.com/v1/projects/thesougeiwariate/locations/us-central1/services/-:generateQuery {"name":"projects/thesougeiwariate/locations/us-central1/services/-","prompt":"Generate at least one create (insert/upsert), delete, update, get (read by key), and list operation for each table defined in the schema. For user-specific data, use the 'auth.uid' server value (e.g., id_expr: \"auth.uid\") or correct filters to secure user-owned data and require authentication using @auth(level: USER). For publicly accessible data, use @auth(level: PUBLIC, insecureReason: \"why is it OK to be public?\")","schemas":[{"name":"projects/thesougeiwariate/locations/us-central1/services/pudowebapp/schemas/main","datasources":[],"source":{"files":[{"path":"schema.gql","content":"type Vehicle @table {\n  name: String!\n}\n\ntype Staff @table {\n  name: String!\n}\n\ntype Client @table {\n  name: String!\n  # 現在の所属先（車両）または未割り当てであることを示すための参照\n  currentVehicle: Vehicle\n}\n\ntype Assignment @table {\n  # 割り当ての日付\n  date: Date!\n  \n  # どの車両か\n  vehicle: Vehicle!\n  \n  # 誰が担当か\n  staff: Staff\n  \n  # どの利用者を乗せるか（1対1の関係を複数保持するため、\n  # 割り当てに対して利用者が紐づく構造にしています）\n  client: Client!\n}"}]}}]}
[debug] [2026-08-06T03:07:14.210Z] >>> [apiv2][query] POST https://firebasedataconnect.googleapis.com/v1/projects/thesougeiwariate/locations/us-central1/services/-:generateQuery [none]
[debug] [2026-08-06T03:07:14.210Z] >>> [apiv2][body] POST https://firebasedataconnect.googleapis.com/v1/projects/thesougeiwariate/locations/us-central1/services/-:generateQuery {"name":"projects/thesougeiwariate/locations/us-central1/services/-","prompt":"Create a single mutation wrapped in a @transaction to populate the database with seed data. The mutation should call the insertMany action (e.g., table_insertMany) for all tables/entities defined in the schema, using fake data. Generate appropriate fake records (3 to 5 per table) conforming to the schema and including proper relationships/foreign keys.","schemas":[{"name":"projects/thesougeiwariate/locations/us-central1/services/pudowebapp/schemas/main","datasources":[],"source":{"files":[{"path":"schema.gql","content":"type Vehicle @table {\n  name: String!\n}\n\ntype Staff @table {\n  name: String!\n}\n\ntype Client @table {\n  name: String!\n  # 現在の所属先（車両）または未割り当てであることを示すための参照\n  currentVehicle: Vehicle\n}\n\ntype Assignment @table {\n  # 割り当ての日付\n  date: Date!\n  \n  # どの車両か\n  vehicle: Vehicle!\n  \n  # 誰が担当か\n  staff: Staff\n  \n  # どの利用者を乗せるか（1対1の関係を複数保持するため、\n  # 割り当てに対して利用者が紐づく構造にしています）\n  client: Client!\n}"}]}}]}
[debug] [2026-08-06T03:07:14.647Z] <<< [apiv2][status] PATCH https://firebasedataconnect.googleapis.com/v1/projects/thesougeiwariate/locations/us-central1/services/pudowebapp/schemas/main 200
[debug] [2026-08-06T03:07:14.647Z] <<< [apiv2][body] PATCH https://firebasedataconnect.googleapis.com/v1/projects/thesougeiwariate/locations/us-central1/services/pudowebapp/schemas/main {"name":"projects/thesougeiwariate/locations/us-central1/operations/operation-1785985634377-658582f4f9f8d-386b973a-5d5596bd","metadata":{"@type":"type.googleapis.com/google.firebase.dataconnect.v1.OperationMetadata","createTime":"2026-08-06T03:07:14.537118509Z","target":"projects/thesougeiwariate/locations/us-central1/services/pudowebapp/schemas/main","verb":"update","requestedCancellation":false,"apiVersion":"v1"},"done":false}
[debug] [2026-08-06T03:07:14.648Z] Checked if tokens are valid: true, expires at: 1785987433793
[debug] [2026-08-06T03:07:14.648Z] Checked if tokens are valid: true, expires at: 1785987433793
[debug] [2026-08-06T03:07:14.648Z] >>> [apiv2][query] GET https://firebasedataconnect.googleapis.com/v1/projects/thesougeiwariate/locations/us-central1/operations/operation-1785985634377-658582f4f9f8d-386b973a-5d5596bd [none]
[debug] [2026-08-06T03:07:14.887Z] <<< [apiv2][status] GET https://firebasedataconnect.googleapis.com/v1/projects/thesougeiwariate/locations/us-central1/operations/operation-1785985634377-658582f4f9f8d-386b973a-5d5596bd 200
[debug] [2026-08-06T03:07:14.887Z] <<< [apiv2][body] GET https://firebasedataconnect.googleapis.com/v1/projects/thesougeiwariate/locations/us-central1/operations/operation-1785985634377-658582f4f9f8d-386b973a-5d5596bd {"name":"projects/thesougeiwariate/locations/us-central1/operations/operation-1785985634377-658582f4f9f8d-386b973a-5d5596bd","metadata":{"@type":"type.googleapis.com/google.firebase.dataconnect.v1.OperationMetadata","createTime":"2026-08-06T03:07:14.537118509Z","target":"projects/thesougeiwariate/locations/us-central1/services/pudowebapp/schemas/main","verb":"update","requestedCancellation":false,"apiVersion":"v1"},"done":false}
[debug] [2026-08-06T03:07:15.387Z] [LRO Poller] Retrying task index 0
[debug] [2026-08-06T03:07:15.387Z] Checked if tokens are valid: true, expires at: 1785987433793
[debug] [2026-08-06T03:07:15.387Z] Checked if tokens are valid: true, expires at: 1785987433793
[debug] [2026-08-06T03:07:15.388Z] >>> [apiv2][query] GET https://firebasedataconnect.googleapis.com/v1/projects/thesougeiwariate/locations/us-central1/operations/operation-1785985634377-658582f4f9f8d-386b973a-5d5596bd [none]
[debug] [2026-08-06T03:07:15.562Z] <<< [apiv2][status] POST https://firebasedataconnect.googleapis.com/v1/projects/thesougeiwariate/locations/us-central1/services/-:generateQuery 200
[debug] [2026-08-06T03:07:15.562Z] <<< [apiv2][body] POST https://firebasedataconnect.googleapis.com/v1/projects/thesougeiwariate/locations/us-central1/services/-:generateQuery [stream]
[debug] [2026-08-06T03:07:15.612Z] <<< [apiv2][status] POST https://firebasedataconnect.googleapis.com/v1/projects/thesougeiwariate/locations/us-central1/services/-:generateQuery 200
[debug] [2026-08-06T03:07:15.612Z] <<< [apiv2][body] POST https://firebasedataconnect.googleapis.com/v1/projects/thesougeiwariate/locations/us-central1/services/-:generateQuery [stream]
[debug] [2026-08-06T03:07:15.624Z] <<< [apiv2][status] GET https://firebasedataconnect.googleapis.com/v1/projects/thesougeiwariate/locations/us-central1/operations/operation-1785985634377-658582f4f9f8d-386b973a-5d5596bd 200
[debug] [2026-08-06T03:07:15.624Z] <<< [apiv2][body] GET https://firebasedataconnect.googleapis.com/v1/projects/thesougeiwariate/locations/us-central1/operations/operation-1785985634377-658582f4f9f8d-386b973a-5d5596bd {"name":"projects/thesougeiwariate/locations/us-central1/operations/operation-1785985634377-658582f4f9f8d-386b973a-5d5596bd","metadata":{"@type":"type.googleapis.com/google.firebase.dataconnect.v1.OperationMetadata","createTime":"2026-08-06T03:07:14.537118509Z","endTime":"2026-08-06T03:07:14.770491693Z","target":"projects/thesougeiwariate/locations/us-central1/services/pudowebapp/schemas/main","verb":"update","requestedCancellation":false,"apiVersion":"v1"},"done":true,"response":{"@type":"type.googleapis.com/google.firebase.dataconnect.v1.Schema","name":"projects/thesougeiwariate/locations/us-central1/services/pudowebapp/schemas/main","createTime":"2026-08-06T03:07:14.530435671Z","updateTime":"2026-08-06T03:07:14.530435671Z","source":{"files":[{"path":"schema.gql","content":"type Vehicle @table {\n  name: String!\n}\n\ntype Staff @table {\n  name: String!\n}\n\ntype Client @table {\n  name: String!\n  # 現在の所属先（車両）または未割り当てであることを示すための参照\n  currentVehicle: Vehicle\n}\n\ntype Assignment @table {\n  # 割り当ての日付\n  date: Date!\n  \n  # どの車両か\n  vehicle: Vehicle!\n  \n  # 誰が担当か\n  staff: Staff\n  \n  # どの利用者を乗せるか（1対1の関係を複数保持するため、\n  # 割り当てに対して利用者が紐づく構造にしています）\n  client: Client!\n}"}]},"uid":"c2361c7a-4df5-43a5-9300-325728af3eb7","reconciling":false,"datasources":[{"postgresql":{"ephemeral":true}}],"etag":"Q-r7YUk0QNTrztBS6BZi8Vis75UuB-yt8aXc7tfaUME"}}
[info] ✔  Wrote dataconnect/dataconnect.yaml 
[info] ✔  Wrote dataconnect/seed_data.gql 
[info] ✔  Wrote dataconnect/schema/schema.gql 
[info] ✔  Wrote dataconnect/example/connector.yaml 
[info] ✔  Wrote dataconnect/example/queries.gql 
[info] i  dataconnect: No apps to setup SQL Connect Generated SDKs 
[info] 
=== Firestore Setup
[info] i  firestore: ensuring required API firestore.googleapis.com is enabled... 
[debug] [2026-08-06T03:07:22.930Z] Checked if tokens are valid: true, expires at: 1785987433793
[debug] [2026-08-06T03:07:22.930Z] Checked if tokens are valid: true, expires at: 1785987433793
[debug] [2026-08-06T03:07:22.931Z] >>> [apiv2][query] GET https://serviceusage.googleapis.com/v1/projects/thesougeiwariate/services/firestore.googleapis.com [none]
[debug] [2026-08-06T03:07:22.931Z] >>> [apiv2][(partial)header] GET https://serviceusage.googleapis.com/v1/projects/thesougeiwariate/services/firestore.googleapis.com  x-goog-user-project=thesougeiwariate
[debug] [2026-08-06T03:07:24.316Z] <<< [apiv2][status] GET https://serviceusage.googleapis.com/v1/projects/thesougeiwariate/services/firestore.googleapis.com 200
[debug] [2026-08-06T03:07:24.316Z] <<< [apiv2][body] GET https://serviceusage.googleapis.com/v1/projects/thesougeiwariate/services/firestore.googleapis.com [omitted]
[warn] ⚠  firestore: missing required API firestore.googleapis.com. Enabling now... 
[debug] [2026-08-06T03:07:24.317Z] Checked if tokens are valid: true, expires at: 1785987433793
[debug] [2026-08-06T03:07:24.317Z] Checked if tokens are valid: true, expires at: 1785987433793
[debug] [2026-08-06T03:07:24.317Z] >>> [apiv2][query] POST https://serviceusage.googleapis.com/v1/projects/thesougeiwariate/services/firestore.googleapis.com:enable [none]
[debug] [2026-08-06T03:07:24.318Z] >>> [apiv2][(partial)header] POST https://serviceusage.googleapis.com/v1/projects/thesougeiwariate/services/firestore.googleapis.com:enable  x-goog-user-project=thesougeiwariate
[debug] [2026-08-06T03:07:24.756Z] <<< [apiv2][status] POST https://serviceusage.googleapis.com/v1/projects/thesougeiwariate/services/firestore.googleapis.com:enable 200
[debug] [2026-08-06T03:07:24.757Z] <<< [apiv2][body] POST https://serviceusage.googleapis.com/v1/projects/thesougeiwariate/services/firestore.googleapis.com:enable [omitted]
[debug] [2026-08-06T03:07:34.772Z] Checked if tokens are valid: true, expires at: 1785987433793
[debug] [2026-08-06T03:07:34.772Z] Checked if tokens are valid: true, expires at: 1785987433793
[debug] [2026-08-06T03:07:34.772Z] >>> [apiv2][query] GET https://firestore.googleapis.com/v1/projects/thesougeiwariate/databases [none]
[debug] [2026-08-06T03:07:35.295Z] <<< [apiv2][status] GET https://firestore.googleapis.com/v1/projects/thesougeiwariate/databases 200
[debug] [2026-08-06T03:07:35.296Z] <<< [apiv2][body] GET https://firestore.googleapis.com/v1/projects/thesougeiwariate/databases {}
[debug] [2026-08-06T03:07:35.296Z] Checked if tokens are valid: true, expires at: 1785987433793
[debug] [2026-08-06T03:07:35.296Z] Checked if tokens are valid: true, expires at: 1785987433793
[debug] [2026-08-06T03:07:35.296Z] >>> [apiv2][query] GET https://firestore.googleapis.com/v1/projects/thesougeiwariate/locations [none]
[debug] [2026-08-06T03:07:35.585Z] <<< [apiv2][status] GET https://firestore.googleapis.com/v1/projects/thesougeiwariate/locations 200
[debug] [2026-08-06T03:07:35.585Z] <<< [apiv2][body] GET https://firestore.googleapis.com/v1/projects/thesougeiwariate/locations {"locations":[{"name":"projects/thesougeiwariate/locations/eur3","labels":{"appengine.googleapis.com/geo":"europe-west","cloud.googleapis.com/location":"eur3","cloud.googleapis.com/geo":"eur3"},"metadata":{"@type":"type.googleapis.com/google.firestore.admin.v1.LocationMetadata"},"locationId":"eur3","displayName":"Europe"},{"name":"projects/thesougeiwariate/locations/nam5","labels":{"appengine.googleapis.com/geo":"us-central","cloud.googleapis.com/location":"nam5","cloud.googleapis.com/geo":"nam5"},"metadata":{"@type":"type.googleapis.com/google.firestore.admin.v1.LocationMetadata"},"locationId":"nam5","displayName":"United States"},{"name":"projects/thesougeiwariate/locations/nam7","labels":{"cloud.googleapis.com/location":"nam7","cloud.googleapis.com/geo":"nam7"},"metadata":{"@type":"type.googleapis.com/google.firestore.admin.v1.LocationMetadata"},"locationId":"nam7","displayName":"United States"},{"name":"projects/thesougeiwariate/locations/africa-south1","labels":{"cloud.googleapis.com/location":"africa-south1","cloud.googleapis.com/region":"africa-south1"},"metadata":{"@type":"type.googleapis.com/google.firestore.admin.v1.LocationMetadata"},"locationId":"africa-south1","displayName":"Johannesburg"},{"name":"projects/thesougeiwariate/locations/asia-east1","labels":{"appengine.googleapis.com/region":"asia-east1","cloud.googleapis.com/location":"asia-east1","cloud.googleapis.com/region":"asia-east1"},"metadata":{"@type":"type.googleapis.com/google.firestore.admin.v1.LocationMetadata"},"locationId":"asia-east1","displayName":"Taiwan"},{"name":"projects/thesougeiwariate/locations/asia-east2","labels":{"appengine.googleapis.com/region":"asia-east2","cloud.googleapis.com/location":"asia-east2","cloud.googleapis.com/region":"asia-east2"},"metadata":{"@type":"type.googleapis.com/google.firestore.admin.v1.LocationMetadata"},"locationId":"asia-east2","displayName":"Hong Kong"},{"name":"projects/thesougeiwariate/locations/asia-northeast1","labels":{"appengine.googleapis.com/region":"asia-northeast1","cloud.googleapis.com/location":"asia-northeast1","cloud.googleapis.com/region":"asia-northeast1"},"metadata":{"@type":"type.googleapis.com/google.firestore.admin.v1.LocationMetadata"},"locationId":"asia-northeast1","displayName":"Tokyo"},{"name":"projects/thesougeiwariate/locations/asia-northeast2","labels":{"appengine.googleapis.com/region":"asia-northeast2","cloud.googleapis.com/location":"asia-northeast2","cloud.googleapis.com/region":"asia-northeast2"},"metadata":{"@type":"type.googleapis.com/google.firestore.admin.v1.LocationMetadata"},"locationId":"asia-northeast2","displayName":"Osaka"},{"name":"projects/thesougeiwariate/locations/asia-northeast3","labels":{"appengine.googleapis.com/region":"asia-northeast3","cloud.googleapis.com/location":"asia-northeast3","cloud.googleapis.com/region":"asia-northeast3"},"metadata":{"@type":"type.googleapis.com/google.firestore.admin.v1.LocationMetadata"},"locationId":"asia-northeast3","displayName":"Seoul"},{"name":"projects/thesougeiwariate/locations/asia-south1","labels":{"appengine.googleapis.com/region":"asia-south1","cloud.googleapis.com/location":"asia-south1","cloud.googleapis.com/region":"asia-south1"},"metadata":{"@type":"type.googleapis.com/google.firestore.admin.v1.LocationMetadata"},"locationId":"asia-south1","displayName":"Mumbai"},{"name":"projects/thesougeiwariate/locations/asia-south2","labels":{"cloud.googleapis.com/location":"asia-south2","cloud.googleapis.com/region":"asia-south2"},"metadata":{"@type":"type.googleapis.com/google.firestore.admin.v1.LocationMetadata"},"locationId":"asia-south2","displayName":"Delhi"},{"name":"projects/thesougeiwariate/locations/asia-southeast1","labels":{"appengine.googleapis.com/region":"asia-southeast1","cloud.googleapis.com/location":"asia-southeast1","cloud.googleapis.com/region":"asia-southeast1"},"metadata":{"@type":"type.googleapis.com/google.firestore.admin.v1.LocationMetadata"},"locationId":"asia-southeast1","displayName":"Singapore"},{"name":"projects/thesougeiwariate/locations/asia-southeast2","labels":{"appengine.googleapis.com/region":"asia-southeast2","cloud.googleapis.com/location":"asia-southeast2","cloud.googleapis.com/region":"asia-southeast2"},"metadata":{"@type":"type.googleapis.com/google.firestore.admin.v1.LocationMetadata"},"locationId":"asia-southeast2","displayName":"Jakarta"},{"name":"projects/thesougeiwariate/locations/asia-southeast3","labels":{"cloud.googleapis.com/location":"asia-southeast3","cloud.googleapis.com/region":"asia-southeast3"},"metadata":{"@type":"type.googleapis.com/google.firestore.admin.v1.LocationMetadata"},"locationId":"asia-southeast3","displayName":"Bangkok"},{"name":"projects/thesougeiwariate/locations/australia-southeast1","labels":{"appengine.googleapis.com/region":"australia-southeast1","cloud.googleapis.com/location":"australia-southeast1","cloud.googleapis.com/region":"australia-southeast1"},"metadata":{"@type":"type.googleapis.com/google.firestore.admin.v1.LocationMetadata"},"locationId":"australia-southeast1","displayName":"Sydney"},{"name":"projects/thesougeiwariate/locations/australia-southeast2","labels":{"cloud.googleapis.com/location":"australia-southeast2","cloud.googleapis.com/region":"australia-southeast2"},"metadata":{"@type":"type.googleapis.com/google.firestore.admin.v1.LocationMetadata"},"locationId":"australia-southeast2","displayName":"Melbourne"},{"name":"projects/thesougeiwariate/locations/europe-central2","labels":{"appengine.googleapis.com/region":"europe-central2","cloud.googleapis.com/location":"europe-central2","cloud.googleapis.com/region":"europe-central2"},"metadata":{"@type":"type.googleapis.com/google.firestore.admin.v1.LocationMetadata"},"locationId":"europe-central2","displayName":"Warsaw"},{"name":"projects/thesougeiwariate/locations/europe-north1","labels":{"cloud.googleapis.com/location":"europe-north1","cloud.googleapis.com/region":"europe-north1"},"metadata":{"@type":"type.googleapis.com/google.firestore.admin.v1.LocationMetadata"},"locationId":"europe-north1","displayName":"Finland"},{"name":"projects/thesougeiwariate/locations/europe-north2","labels":{"cloud.googleapis.com/location":"europe-north2","cloud.googleapis.com/region":"europe-north2"},"metadata":{"@type":"type.googleapis.com/google.firestore.admin.v1.LocationMetadata"},"locationId":"europe-north2","displayName":"Stockholm"},{"name":"projects/thesougeiwariate/locations/europe-southwest1","labels":{"cloud.googleapis.com/location":"europe-southwest1","cloud.googleapis.com/region":"europe-southwest1"},"metadata":{"@type":"type.googleapis.com/google.firestore.admin.v1.LocationMetadata"},"locationId":"europe-southwest1","displayName":"Madrid"},{"name":"projects/thesougeiwariate/locations/europe-west1","labels":{"cloud.googleapis.com/location":"europe-west1","cloud.googleapis.com/region":"europe-west1"},"metadata":{"@type":"type.googleapis.com/google.firestore.admin.v1.LocationMetadata"},"locationId":"europe-west1","displayName":"Belgium"},{"name":"projects/thesougeiwariate/locations/europe-west10","labels":{"cloud.googleapis.com/location":"europe-west10","cloud.googleapis.com/region":"europe-west10"},"metadata":{"@type":"type.googleapis.com/google.firestore.admin.v1.LocationMetadata"},"locationId":"europe-west10","displayName":"Berlin"},{"name":"projects/thesougeiwariate/locations/europe-west12","labels":{"cloud.googleapis.com/location":"europe-west12","cloud.googleapis.com/region":"europe-west12"},"metadata":{"@type":"type.googleapis.com/google.firestore.admin.v1.LocationMetadata"},"locationId":"europe-west12","displayName":"Turin"},{"name":"projects/thesougeiwariate/locations/europe-west2","labels":{"appengine.googleapis.com/region":"europe-west2","cloud.googleapis.com/location":"europe-west2","cloud.googleapis.com/region":"europe-west2"},"metadata":{"@type":"type.googleapis.com/google.firestore.admin.v1.LocationMetadata"},"locationId":"europe-west2","displayName":"London"},{"name":"projects/thesougeiwariate/locations/europe-west3","labels":{"appengine.googleapis.com/region":"europe-west3","cloud.googleapis.com/location":"europe-west3","cloud.googleapis.com/region":"europe-west3"},"metadata":{"@type":"type.googleapis.com/google.firestore.admin.v1.LocationMetadata"},"locationId":"europe-west3","displayName":"Frankfurt"},{"name":"projects/thesougeiwariate/locations/europe-west4","labels":{"cloud.googleapis.com/location":"europe-west4","cloud.googleapis.com/region":"europe-west4"},"metadata":{"@type":"type.googleapis.com/google.firestore.admin.v1.LocationMetadata"},"locationId":"europe-west4","displayName":"Netherlands"},{"name":"projects/thesougeiwariate/locations/europe-west6","labels":{"appengine.googleapis.com/region":"europe-west6","cloud.googleapis.com/location":"europe-west6","cloud.googleapis.com/region":"europe-west6"},"metadata":{"@type":"type.googleapis.com/google.firestore.admin.v1.LocationMetadata"},"locationId":"europe-west6","displayName":"Zurich"},{"name":"projects/thesougeiwariate/locations/europe-west8","labels":{"cloud.googleapis.com/location":"europe-west8","cloud.googleapis.com/region":"europe-west8"},"metadata":{"@type":"type.googleapis.com/google.firestore.admin.v1.LocationMetadata"},"locationId":"europe-west8","displayName":"Milan"},{"name":"projects/thesougeiwariate/locations/europe-west9","labels":{"cloud.googleapis.com/location":"europe-west9","cloud.googleapis.com/region":"europe-west9"},"metadata":{"@type":"type.googleapis.com/google.firestore.admin.v1.LocationMetadata"},"locationId":"europe-west9","displayName":"Paris"},{"name":"projects/thesougeiwariate/locations/me-central1","labels":{"cloud.googleapis.com/location":"me-central1","cloud.googleapis.com/region":"me-central1"},"metadata":{"@type":"type.googleapis.com/google.firestore.admin.v1.LocationMetadata"},"locationId":"me-central1","displayName":"Doha"},{"name":"projects/thesougeiwariate/locations/me-central2","labels":{"cloud.googleapis.com/location":"me-central2","cloud.googleapis.com/region":"me-central2"},"metadata":{"@type":"type.googleapis.com/google.firestore.admin.v1.LocationMetadata"},"locationId":"me-central2","displayName":"Dammam"},{"name":"projects/thesougeiwariate/locations/me-west1","labels":{"cloud.googleapis.com/location":"me-west1","cloud.googleapis.com/region":"me-west1"},"metadata":{"@type":"type.googleapis.com/google.firestore.admin.v1.LocationMetadata"},"locationId":"me-west1","displayName":"Tel Aviv"},{"name":"projects/thesougeiwariate/locations/northamerica-northeast1","labels":{"appengine.googleapis.com/region":"northamerica-northeast1","cloud.googleapis.com/location":"northamerica-northeast1","cloud.googleapis.com/region":"northamerica-northeast1"},"metadata":{"@type":"type.googleapis.com/google.firestore.admin.v1.LocationMetadata"},"locationId":"northamerica-northeast1","displayName":"Montréal"},{"name":"projects/thesougeiwariate/locations/northamerica-northeast2","labels":{"cloud.googleapis.com/location":"northamerica-northeast2","cloud.googleapis.com/region":"northamerica-northeast2"},"metadata":{"@type":"type.googleapis.com/google.firestore.admin.v1.LocationMetadata"},"locationId":"northamerica-northeast2","displayName":"Toronto"},{"name":"projects/thesougeiwariate/locations/northamerica-south1","labels":{"cloud.googleapis.com/location":"northamerica-south1","cloud.googleapis.com/region":"northamerica-south1"},"metadata":{"@type":"type.googleapis.com/google.firestore.admin.v1.LocationMetadata"},"locationId":"northamerica-south1","displayName":"Mexico"},{"name":"projects/thesougeiwariate/locations/southamerica-east1","labels":{"appengine.googleapis.com/region":"southamerica-east1","cloud.googleapis.com/location":"southamerica-east1","cloud.googleapis.com/region":"southamerica-east1"},"metadata":{"@type":"type.googleapis.com/google.firestore.admin.v1.LocationMetadata"},"locationId":"southamerica-east1","displayName":"São Paulo"},{"name":"projects/thesougeiwariate/locations/southamerica-west1","labels":{"cloud.googleapis.com/location":"southamerica-west1","cloud.googleapis.com/region":"southamerica-west1"},"metadata":{"@type":"type.googleapis.com/google.firestore.admin.v1.LocationMetadata"},"locationId":"southamerica-west1","displayName":"Santiago"},{"name":"projects/thesougeiwariate/locations/us-central1","labels":{"cloud.googleapis.com/location":"us-central1","cloud.googleapis.com/region":"us-central1"},"metadata":{"@type":"type.googleapis.com/google.firestore.admin.v1.LocationMetadata"},"locationId":"us-central1","displayName":"Iowa"},{"name":"projects/thesougeiwariate/locations/us-east1","labels":{"appengine.googleapis.com/region":"us-east1","cloud.googleapis.com/location":"us-east1","cloud.googleapis.com/region":"us-east1"},"metadata":{"@type":"type.googleapis.com/google.firestore.admin.v1.LocationMetadata"},"locationId":"us-east1","displayName":"South Carolina"},{"name":"projects/thesougeiwariate/locations/us-east4","labels":{"appengine.googleapis.com/region":"us-east4","cloud.googleapis.com/location":"us-east4","cloud.googleapis.com/region":"us-east4"},"metadata":{"@type":"type.googleapis.com/google.firestore.admin.v1.LocationMetadata"},"locationId":"us-east4","displayName":"Northern Virginia"},{"name":"projects/thesougeiwariate/locations/us-east5","labels":{"cloud.googleapis.com/location":"us-east5","cloud.googleapis.com/region":"us-east5"},"metadata":{"@type":"type.googleapis.com/google.firestore.admin.v1.LocationMetadata"},"locationId":"us-east5","displayName":"Columbus"},{"name":"projects/thesougeiwariate/locations/us-south1","labels":{"cloud.googleapis.com/location":"us-south1","cloud.googleapis.com/region":"us-south1"},"metadata":{"@type":"type.googleapis.com/google.firestore.admin.v1.LocationMetadata"},"locationId":"us-south1","displayName":"Dallas"},{"name":"projects/thesougeiwariate/locations/us-west1","labels":{"appengine.googleapis.com/region":"us-west1","cloud.googleapis.com/location":"us-west1","cloud.googleapis.com/region":"us-west1"},"metadata":{"@type":"type.googleapis.com/google.firestore.admin.v1.LocationMetadata"},"locationId":"us-west1","displayName":"Oregon"},{"name":"projects/thesougeiwariate/locations/us-west2","labels":{"appengine.googleapis.com/region":"us-west2","cloud.googleapis.com/location":"us-west2","cloud.googleapis.com/region":"us-west2"},"metadata":{"@type":"type.googleapis.com/google.firestore.admin.v1.LocationMetadata"},"locationId":"us-west2","displayName":"Los Angeles"},{"name":"projects/thesougeiwariate/locations/us-west3","labels":{"appengine.googleapis.com/region":"us-west3","cloud.googleapis.com/location":"us-west3","cloud.googleapis.com/region":"us-west3"},"metadata":{"@type":"type.googleapis.com/google.firestore.admin.v1.LocationMetadata"},"locationId":"us-west3","displayName":"Salt Lake City"},{"name":"projects/thesougeiwariate/locations/us-west4","labels":{"appengine.googleapis.com/region":"us-west4","cloud.googleapis.com/location":"us-west4","cloud.googleapis.com/region":"us-west4"},"metadata":{"@type":"type.googleapis.com/google.firestore.admin.v1.LocationMetadata"},"locationId":"us-west4","displayName":"Las Vegas"}]}
[info] 
[info] Firestore Security Rules allow you to define how and when to allow
[info] requests. You can keep these rules in your project directory
[info] and publish them with firebase deploy.
[info] 
[debug] [2026-08-06T03:11:06.650Z] Checked if tokens are valid: true, expires at: 1785987433793
[debug] [2026-08-06T03:11:06.650Z] Checked if tokens are valid: true, expires at: 1785987433793
[debug] [2026-08-06T03:11:06.650Z] >>> [apiv2][query] GET https://firebaserules.googleapis.com/v1/projects/thesougeiwariate/releases pageSize=10&pageToken=
[debug] [2026-08-06T03:11:07.981Z] <<< [apiv2][status] GET https://firebaserules.googleapis.com/v1/projects/thesougeiwariate/releases 200
[debug] [2026-08-06T03:11:07.981Z] <<< [apiv2][body] GET https://firebaserules.googleapis.com/v1/projects/thesougeiwariate/releases {"releases":[{"name":"projects/thesougeiwariate/releases/firebase.storage/thesougeiwariate.firebasestorage.app","rulesetName":"projects/thesougeiwariate/rulesets/cb78dc4e-c9e9-424d-a4a9-bae68959a597","createTime":"2026-07-01T02:47:09.962795Z","updateTime":"2026-07-01T02:47:09.962795Z"}]}
[info] 
[info] Firestore indexes allow you to perform complex queries while
[info] maintaining performance that scales with the size of the result
[info] set. You can keep index definitions in your project directory
[info] and publish them with firebase deploy.
[info] 
[debug] [2026-08-06T03:12:01.044Z] Checked if tokens are valid: true, expires at: 1785987433793
[debug] [2026-08-06T03:12:01.044Z] Checked if tokens are valid: true, expires at: 1785987433793
[debug] [2026-08-06T03:12:01.044Z] Checked if tokens are valid: true, expires at: 1785987433793
[debug] [2026-08-06T03:12:01.044Z] Checked if tokens are valid: true, expires at: 1785987433793
[debug] [2026-08-06T03:12:01.044Z] >>> [apiv2][query] GET https://firestore.googleapis.com/v1/projects/thesougeiwariate/databases/(default)/collectionGroups/-/indexes [none]
[debug] [2026-08-06T03:12:01.047Z] >>> [apiv2][query] GET https://firestore.googleapis.com/v1/projects/thesougeiwariate/databases/(default)/collectionGroups/-/fields?filter=indexConfig.usesAncestorConfig=false OR ttlConfig:* [none]
[debug] [2026-08-06T03:12:02.163Z] <<< [apiv2][status] GET https://firestore.googleapis.com/v1/projects/thesougeiwariate/databases/(default)/collectionGroups/-/indexes 404
[debug] [2026-08-06T03:12:02.164Z] <<< [apiv2][body] GET https://firestore.googleapis.com/v1/projects/thesougeiwariate/databases/(default)/collectionGroups/-/indexes {"error":{"code":404,"message":"Project 'thesougeiwariate' or database '(default)' does not exist.","status":"NOT_FOUND"}}
[info] ✔  Wrote firestore.rules 
[info] ✔  Wrote firestore.indexes.json 
[info] 
=== Genkit Setup
[debug] [2026-08-06T03:12:02.868Z] <<< [apiv2][status] GET https://firestore.googleapis.com/v1/projects/thesougeiwariate/databases/(default)/collectionGroups/-/fields?filter=indexConfig.usesAncestorConfig=false OR ttlConfig:* 404
[debug] [2026-08-06T03:12:02.868Z] <<< [apiv2][body] GET https://firestore.googleapis.com/v1/projects/thesougeiwariate/databases/(default)/collectionGroups/-/fields?filter=indexConfig.usesAncestorConfig=false OR ttlConfig:* {"error":{"code":404,"message":"Requested database was not found.","status":"NOT_FOUND"}}
[debug] [2026-08-06T03:12:03.679Z] Error: spawn(npm, view, genkit, version)
  Stderr:
{"type":"Buffer","data":[110,112,109,32,110,111,116,105,99,101,10,110,112,109,32,110,111,116,105,99,101,32,78,101,119,32,109,105,110,111,114,32,118,101,114,115,105,111,110,32,111,102,32,110,112,109,32,97,118,97,105,108,97,98,108,101,33,32,49,49,46,57,46,48,32,45,62,32,49,49,46,49,57,46,48,10,110,112,109,32,110,111,116,105,99,101,32,67,104,97,110,103,101,108,111,103,58,32,104,116,116,112,115,58,47,47,103,105,116,104,117,98,46,99,111,109,47,110,112,109,47,99,108,105,47,114,101,108,101,97,115,101,115,47,116,97,103,47,118,49,49,46,49,57,46,48,10,110,112,109,32,110,111,116,105,99,101,32,84,111,32,117,112,100,97,116,101,32,114,117,110,58,32,110,112,109,32,105,110,115,116,97,108,108,32,45,103,32,110,112,109,64,49,49,46,49,57,46,48,10,110,112,109,32,110,111,116,105,99,101,10]}

[warn] ⚠  genkit: Stopped Genkit initialization 
[info] 
=== Functions Setup
[debug] [2026-08-06T03:13:38.836Z] > command requires scopes: ["email","openid","https://www.googleapis.com/auth/cloudplatformprojects.readonly","https://www.googleapis.com/auth/firebase","https://www.googleapis.com/auth/cloud-platform"]
[debug] [2026-08-06T03:13:38.836Z] > authorizing via signed-in user (hen.the.jima.sek1yu@gmail.com)
[debug] [2026-08-06T03:13:38.838Z] [iam] checking project thesougeiwariate for permissions ["firebase.projects.get"]
[debug] [2026-08-06T03:13:38.838Z] Checked if tokens are valid: true, expires at: 1785987433793
[debug] [2026-08-06T03:13:38.838Z] Checked if tokens are valid: true, expires at: 1785987433793
[debug] [2026-08-06T03:13:38.838Z] >>> [apiv2][query] POST https://cloudresourcemanager.googleapis.com/v1/projects/thesougeiwariate:testIamPermissions [none]
[debug] [2026-08-06T03:13:38.838Z] >>> [apiv2][(partial)header] POST https://cloudresourcemanager.googleapis.com/v1/projects/thesougeiwariate:testIamPermissions  x-goog-user-project=thesougeiwariate
[debug] [2026-08-06T03:13:38.838Z] >>> [apiv2][body] POST https://cloudresourcemanager.googleapis.com/v1/projects/thesougeiwariate:testIamPermissions {"permissions":["firebase.projects.get"]}
[debug] [2026-08-06T03:13:40.122Z] <<< [apiv2][status] POST https://cloudresourcemanager.googleapis.com/v1/projects/thesougeiwariate:testIamPermissions 200
[debug] [2026-08-06T03:13:40.122Z] <<< [apiv2][body] POST https://cloudresourcemanager.googleapis.com/v1/projects/thesougeiwariate:testIamPermissions {"permissions":["firebase.projects.get"]}
[debug] [2026-08-06T03:13:40.123Z] Checked if tokens are valid: true, expires at: 1785987433793
[debug] [2026-08-06T03:13:40.123Z] Checked if tokens are valid: true, expires at: 1785987433793
[debug] [2026-08-06T03:13:40.123Z] Checked if tokens are valid: true, expires at: 1785987433793
[debug] [2026-08-06T03:13:40.123Z] Checked if tokens are valid: true, expires at: 1785987433793
[debug] [2026-08-06T03:13:40.123Z] >>> [apiv2][query] GET https://serviceusage.googleapis.com/v1/projects/thesougeiwariate/services/cloudfunctions.googleapis.com [none]
[debug] [2026-08-06T03:13:40.123Z] >>> [apiv2][(partial)header] GET https://serviceusage.googleapis.com/v1/projects/thesougeiwariate/services/cloudfunctions.googleapis.com  x-goog-user-project=thesougeiwariate
[debug] [2026-08-06T03:13:40.128Z] >>> [apiv2][query] GET https://serviceusage.googleapis.com/v1/projects/thesougeiwariate/services/runtimeconfig.googleapis.com [none]
[debug] [2026-08-06T03:13:40.128Z] >>> [apiv2][(partial)header] GET https://serviceusage.googleapis.com/v1/projects/thesougeiwariate/services/runtimeconfig.googleapis.com  x-goog-user-project=thesougeiwariate
[debug] [2026-08-06T03:13:41.493Z] <<< [apiv2][status] GET https://serviceusage.googleapis.com/v1/projects/thesougeiwariate/services/runtimeconfig.googleapis.com 200
[debug] [2026-08-06T03:13:41.494Z] <<< [apiv2][body] GET https://serviceusage.googleapis.com/v1/projects/thesougeiwariate/services/runtimeconfig.googleapis.com [omitted]
[debug] [2026-08-06T03:13:41.547Z] <<< [apiv2][status] GET https://serviceusage.googleapis.com/v1/projects/thesougeiwariate/services/cloudfunctions.googleapis.com 200
[debug] [2026-08-06T03:13:41.547Z] <<< [apiv2][body] GET https://serviceusage.googleapis.com/v1/projects/thesougeiwariate/services/cloudfunctions.googleapis.com [omitted]
[debug] [2026-08-06T03:13:41.548Z] Checked if tokens are valid: true, expires at: 1785987433793
[debug] [2026-08-06T03:13:41.548Z] Checked if tokens are valid: true, expires at: 1785987433793
[debug] [2026-08-06T03:13:41.548Z] >>> [apiv2][query] POST https://serviceusage.googleapis.com/v1/projects/thesougeiwariate/services/cloudfunctions.googleapis.com:enable [none]
[debug] [2026-08-06T03:13:41.548Z] >>> [apiv2][(partial)header] POST https://serviceusage.googleapis.com/v1/projects/thesougeiwariate/services/cloudfunctions.googleapis.com:enable  x-goog-user-project=thesougeiwariate
[debug] [2026-08-06T03:13:42.118Z] <<< [apiv2][status] POST https://serviceusage.googleapis.com/v1/projects/thesougeiwariate/services/cloudfunctions.googleapis.com:enable 200
[debug] [2026-08-06T03:13:42.118Z] <<< [apiv2][body] POST https://serviceusage.googleapis.com/v1/projects/thesougeiwariate/services/cloudfunctions.googleapis.com:enable [omitted]
[info] Let's create a new codebase for your functions.
[info] A directory corresponding to the codebase will be created in your project
[info] with sample code pre-configured.

[info] See https://firebase.google.com/docs/functions/organize-functions for
[info] more information on organizing your functions using codebases.

[info] Functions can be deployed with firebase deploy.

[info] ✔  Wrote functions/.eslintrc.js 
[info] ✔  Wrote functions/package.json 
[info] ✔  Wrote functions/index.js 
[info] ✔  Wrote functions/.gitignore 
[info] 
=== App Hosting Setup
[debug] [2026-08-06T03:19:22.030Z] Checked if tokens are valid: true, expires at: 1785987433793
[debug] [2026-08-06T03:19:22.030Z] Checked if tokens are valid: true, expires at: 1785987433793
[debug] [2026-08-06T03:19:22.031Z] >>> [apiv2][query] GET https://serviceusage.googleapis.com/v1/projects/thesougeiwariate/services/firebaseapphosting.googleapis.com [none]
[debug] [2026-08-06T03:19:22.031Z] >>> [apiv2][(partial)header] GET https://serviceusage.googleapis.com/v1/projects/thesougeiwariate/services/firebaseapphosting.googleapis.com  x-goog-user-project=thesougeiwariate
[debug] [2026-08-06T03:19:23.383Z] <<< [apiv2][status] GET https://serviceusage.googleapis.com/v1/projects/thesougeiwariate/services/firebaseapphosting.googleapis.com 200
[debug] [2026-08-06T03:19:23.383Z] <<< [apiv2][body] GET https://serviceusage.googleapis.com/v1/projects/thesougeiwariate/services/firebaseapphosting.googleapis.com [omitted]
[debug] [2026-08-06T03:19:23.383Z] Checked if tokens are valid: true, expires at: 1785987433793
[debug] [2026-08-06T03:19:23.383Z] Checked if tokens are valid: true, expires at: 1785987433793
[debug] [2026-08-06T03:19:23.383Z] >>> [apiv2][query] POST https://serviceusage.googleapis.com/v1/projects/thesougeiwariate/services/firebaseapphosting.googleapis.com:enable [none]
[debug] [2026-08-06T03:19:23.384Z] >>> [apiv2][(partial)header] POST https://serviceusage.googleapis.com/v1/projects/thesougeiwariate/services/firebaseapphosting.googleapis.com:enable  x-goog-user-project=thesougeiwariate
[debug] [2026-08-06T03:19:23.971Z] <<< [apiv2][status] POST https://serviceusage.googleapis.com/v1/projects/thesougeiwariate/services/firebaseapphosting.googleapis.com:enable 200
[debug] [2026-08-06T03:19:23.971Z] <<< [apiv2][body] POST https://serviceusage.googleapis.com/v1/projects/thesougeiwariate/services/firebaseapphosting.googleapis.com:enable [omitted]
[debug] [2026-08-06T03:19:33.994Z] Checked if tokens are valid: true, expires at: 1785987433793
[debug] [2026-08-06T03:19:33.994Z] Checked if tokens are valid: true, expires at: 1785987433793
[debug] [2026-08-06T03:19:33.994Z] Checked if tokens are valid: true, expires at: 1785987433793
[debug] [2026-08-06T03:19:33.994Z] Checked if tokens are valid: true, expires at: 1785987433793
[debug] [2026-08-06T03:19:33.995Z] Checked if tokens are valid: true, expires at: 1785987433793
[debug] [2026-08-06T03:19:33.995Z] Checked if tokens are valid: true, expires at: 1785987433793
[debug] [2026-08-06T03:19:33.995Z] Checked if tokens are valid: true, expires at: 1785987433793
[debug] [2026-08-06T03:19:33.995Z] Checked if tokens are valid: true, expires at: 1785987433793
[debug] [2026-08-06T03:19:33.995Z] Checked if tokens are valid: true, expires at: 1785987433793
[debug] [2026-08-06T03:19:33.995Z] Checked if tokens are valid: true, expires at: 1785987433793
[debug] [2026-08-06T03:19:33.995Z] Checked if tokens are valid: true, expires at: 1785987433793
[debug] [2026-08-06T03:19:33.995Z] Checked if tokens are valid: true, expires at: 1785987433793
[debug] [2026-08-06T03:19:33.995Z] >>> [apiv2][query] GET https://serviceusage.googleapis.com/v1/projects/thesougeiwariate/services/developerconnect.googleapis.com [none]
[debug] [2026-08-06T03:19:33.996Z] >>> [apiv2][(partial)header] GET https://serviceusage.googleapis.com/v1/projects/thesougeiwariate/services/developerconnect.googleapis.com  x-goog-user-project=thesougeiwariate
[debug] [2026-08-06T03:19:33.996Z] >>> [apiv2][query] GET https://serviceusage.googleapis.com/v1/projects/thesougeiwariate/services/cloudbuild.googleapis.com [none]
[debug] [2026-08-06T03:19:33.996Z] >>> [apiv2][(partial)header] GET https://serviceusage.googleapis.com/v1/projects/thesougeiwariate/services/cloudbuild.googleapis.com  x-goog-user-project=thesougeiwariate
[debug] [2026-08-06T03:19:33.997Z] >>> [apiv2][query] GET https://serviceusage.googleapis.com/v1/projects/thesougeiwariate/services/secretmanager.googleapis.com [none]
[debug] [2026-08-06T03:19:33.998Z] >>> [apiv2][(partial)header] GET https://serviceusage.googleapis.com/v1/projects/thesougeiwariate/services/secretmanager.googleapis.com  x-goog-user-project=thesougeiwariate
[debug] [2026-08-06T03:19:33.998Z] >>> [apiv2][query] GET https://serviceusage.googleapis.com/v1/projects/thesougeiwariate/services/run.googleapis.com [none]
[debug] [2026-08-06T03:19:33.999Z] >>> [apiv2][(partial)header] GET https://serviceusage.googleapis.com/v1/projects/thesougeiwariate/services/run.googleapis.com  x-goog-user-project=thesougeiwariate
[debug] [2026-08-06T03:19:33.999Z] >>> [apiv2][query] GET https://serviceusage.googleapis.com/v1/projects/thesougeiwariate/services/artifactregistry.googleapis.com [none]
[debug] [2026-08-06T03:19:34.000Z] >>> [apiv2][(partial)header] GET https://serviceusage.googleapis.com/v1/projects/thesougeiwariate/services/artifactregistry.googleapis.com  x-goog-user-project=thesougeiwariate
[debug] [2026-08-06T03:19:34.000Z] >>> [apiv2][query] GET https://serviceusage.googleapis.com/v1/projects/thesougeiwariate/services/iam.googleapis.com [none]
[debug] [2026-08-06T03:19:34.001Z] >>> [apiv2][(partial)header] GET https://serviceusage.googleapis.com/v1/projects/thesougeiwariate/services/iam.googleapis.com  x-goog-user-project=thesougeiwariate
[debug] [2026-08-06T03:19:35.317Z] <<< [apiv2][status] GET https://serviceusage.googleapis.com/v1/projects/thesougeiwariate/services/run.googleapis.com 200
[debug] [2026-08-06T03:19:35.317Z] <<< [apiv2][body] GET https://serviceusage.googleapis.com/v1/projects/thesougeiwariate/services/run.googleapis.com [omitted]
[debug] [2026-08-06T03:19:35.322Z] <<< [apiv2][status] GET https://serviceusage.googleapis.com/v1/projects/thesougeiwariate/services/developerconnect.googleapis.com 200
[debug] [2026-08-06T03:19:35.322Z] <<< [apiv2][body] GET https://serviceusage.googleapis.com/v1/projects/thesougeiwariate/services/developerconnect.googleapis.com [omitted]
[debug] [2026-08-06T03:19:35.322Z] Checked if tokens are valid: true, expires at: 1785987433793
[debug] [2026-08-06T03:19:35.322Z] Checked if tokens are valid: true, expires at: 1785987433793
[debug] [2026-08-06T03:19:35.322Z] >>> [apiv2][query] POST https://serviceusage.googleapis.com/v1/projects/thesougeiwariate/services/developerconnect.googleapis.com:enable [none]
[debug] [2026-08-06T03:19:35.323Z] >>> [apiv2][(partial)header] POST https://serviceusage.googleapis.com/v1/projects/thesougeiwariate/services/developerconnect.googleapis.com:enable  x-goog-user-project=thesougeiwariate
[debug] [2026-08-06T03:19:35.327Z] <<< [apiv2][status] GET https://serviceusage.googleapis.com/v1/projects/thesougeiwariate/services/artifactregistry.googleapis.com 200
[debug] [2026-08-06T03:19:35.327Z] <<< [apiv2][body] GET https://serviceusage.googleapis.com/v1/projects/thesougeiwariate/services/artifactregistry.googleapis.com [omitted]
[debug] [2026-08-06T03:19:35.364Z] <<< [apiv2][status] GET https://serviceusage.googleapis.com/v1/projects/thesougeiwariate/services/cloudbuild.googleapis.com 200
[debug] [2026-08-06T03:19:35.364Z] <<< [apiv2][body] GET https://serviceusage.googleapis.com/v1/projects/thesougeiwariate/services/cloudbuild.googleapis.com [omitted]
[debug] [2026-08-06T03:19:35.373Z] <<< [apiv2][status] GET https://serviceusage.googleapis.com/v1/projects/thesougeiwariate/services/iam.googleapis.com 200
[debug] [2026-08-06T03:19:35.373Z] <<< [apiv2][body] GET https://serviceusage.googleapis.com/v1/projects/thesougeiwariate/services/iam.googleapis.com [omitted]
[debug] [2026-08-06T03:19:35.439Z] <<< [apiv2][status] GET https://serviceusage.googleapis.com/v1/projects/thesougeiwariate/services/secretmanager.googleapis.com 200
[debug] [2026-08-06T03:19:35.439Z] <<< [apiv2][body] GET https://serviceusage.googleapis.com/v1/projects/thesougeiwariate/services/secretmanager.googleapis.com [omitted]
[debug] [2026-08-06T03:19:35.822Z] <<< [apiv2][status] POST https://serviceusage.googleapis.com/v1/projects/thesougeiwariate/services/developerconnect.googleapis.com:enable 200
[debug] [2026-08-06T03:19:35.822Z] <<< [apiv2][body] POST https://serviceusage.googleapis.com/v1/projects/thesougeiwariate/services/developerconnect.googleapis.com:enable [omitted]
[debug] [2026-08-06T03:19:45.841Z] Checked if tokens are valid: true, expires at: 1785987433793
[debug] [2026-08-06T03:19:45.842Z] Checked if tokens are valid: true, expires at: 1785987433793
[debug] [2026-08-06T03:19:45.842Z] >>> [apiv2][query] POST https://iam.googleapis.com/v1/projects/thesougeiwariate/serviceAccounts/firebase-app-hosting-compute@thesougeiwariate.iam.gserviceaccount.com:testIamPermissions [none]
[debug] [2026-08-06T03:19:45.842Z] >>> [apiv2][(partial)header] POST https://iam.googleapis.com/v1/projects/thesougeiwariate/serviceAccounts/firebase-app-hosting-compute@thesougeiwariate.iam.gserviceaccount.com:testIamPermissions  x-goog-user-project=thesougeiwariate
[debug] [2026-08-06T03:19:45.842Z] >>> [apiv2][body] POST https://iam.googleapis.com/v1/projects/thesougeiwariate/serviceAccounts/firebase-app-hosting-compute@thesougeiwariate.iam.gserviceaccount.com:testIamPermissions {"permissions":["iam.serviceAccounts.actAs"]}
[debug] [2026-08-06T03:19:47.083Z] <<< [apiv2][status] POST https://iam.googleapis.com/v1/projects/thesougeiwariate/serviceAccounts/firebase-app-hosting-compute@thesougeiwariate.iam.gserviceaccount.com:testIamPermissions 404
[debug] [2026-08-06T03:19:47.083Z] <<< [apiv2][body] POST https://iam.googleapis.com/v1/projects/thesougeiwariate/serviceAccounts/firebase-app-hosting-compute@thesougeiwariate.iam.gserviceaccount.com:testIamPermissions {"error":{"code":404,"message":"Unknown service account","status":"NOT_FOUND"}}
[debug] [2026-08-06T03:19:47.084Z] Checked if tokens are valid: true, expires at: 1785987433793
[debug] [2026-08-06T03:19:47.084Z] Checked if tokens are valid: true, expires at: 1785987433793
[debug] [2026-08-06T03:19:47.084Z] >>> [apiv2][query] POST https://iam.googleapis.com/v1/projects/thesougeiwariate/serviceAccounts [none]
[debug] [2026-08-06T03:19:47.084Z] >>> [apiv2][body] POST https://iam.googleapis.com/v1/projects/thesougeiwariate/serviceAccounts {"accountId":"firebase-app-hosting-compute","serviceAccount":{"displayName":"Firebase App Hosting compute service account","description":"Default service account used to run builds and deploys for Firebase App Hosting"}}
[debug] [2026-08-06T03:19:47.952Z] <<< [apiv2][status] POST https://iam.googleapis.com/v1/projects/thesougeiwariate/serviceAccounts 200
[debug] [2026-08-06T03:19:47.952Z] <<< [apiv2][body] POST https://iam.googleapis.com/v1/projects/thesougeiwariate/serviceAccounts [omitted]
[debug] [2026-08-06T03:19:47.953Z] Checked if tokens are valid: true, expires at: 1785987433793
[debug] [2026-08-06T03:19:47.953Z] Checked if tokens are valid: true, expires at: 1785987433793
[debug] [2026-08-06T03:19:47.953Z] >>> [apiv2][query] POST https://cloudresourcemanager.googleapis.com/v1/projects/thesougeiwariate:getIamPolicy [none]
[debug] [2026-08-06T03:19:49.340Z] <<< [apiv2][status] POST https://cloudresourcemanager.googleapis.com/v1/projects/thesougeiwariate:getIamPolicy 200
[debug] [2026-08-06T03:19:49.340Z] <<< [apiv2][body] POST https://cloudresourcemanager.googleapis.com/v1/projects/thesougeiwariate:getIamPolicy {"version":1,"etag":"BwZYWFsgMNY=","bindings":[{"role":"roles/cloudbuild.builds.builder","members":["serviceAccount:255173728245@cloudbuild.gserviceaccount.com"]},{"role":"roles/cloudbuild.serviceAgent","members":["serviceAccount:service-255173728245@gcp-sa-cloudbuild.iam.gserviceaccount.com"]},{"role":"roles/cloudfunctions.serviceAgent","members":["serviceAccount:service-255173728245@gcf-admin-robot.iam.gserviceaccount.com"]},{"role":"roles/containerregistry.ServiceAgent","members":["serviceAccount:service-255173728245@containerregistry.iam.gserviceaccount.com"]},{"role":"roles/editor","members":["serviceAccount:255173728245-compute@developer.gserviceaccount.com","serviceAccount:thesougeiwariate@appspot.gserviceaccount.com"]},{"role":"roles/firebase.managementServiceAgent","members":["serviceAccount:service-255173728245@gcp-sa-firebase.iam.gserviceaccount.com"]},{"role":"roles/firebase.sdkAdminServiceAgent","members":["serviceAccount:firebase-adminsdk-fbsvc@thesougeiwariate.iam.gserviceaccount.com"]},{"role":"roles/firebaseauth.admin","members":["serviceAccount:firebase-adminsdk-fbsvc@thesougeiwariate.iam.gserviceaccount.com"]},{"role":"roles/firebasedatabase.admin","members":["serviceAccount:firebase-adminsdk-fbsvc@thesougeiwariate.iam.gserviceaccount.com"]},{"role":"roles/firebasedataconnect.serviceAgent","members":["serviceAccount:service-255173728245@gcp-sa-firebasedataconnect.iam.gserviceaccount.com"]},{"role":"roles/firebasestorage.serviceAgent","members":["serviceAccount:service-255173728245@gcp-sa-firebasestorage.iam.gserviceaccount.com"]},{"role":"roles/iam.serviceAccountTokenCreator","members":["serviceAccount:firebase-adminsdk-fbsvc@thesougeiwariate.iam.gserviceaccount.com"]},{"role":"roles/owner","members":["user:hen.the.jima.sek1yu@gmail.com"]},{"role":"roles/run.serviceAgent","members":["serviceAccount:service-255173728245@serverless-robot-prod.iam.gserviceaccount.com"]},{"role":"roles/storage.admin","members":["serviceAccount:firebase-adminsdk-fbsvc@thesougeiwariate.iam.gserviceaccount.com"]}]}
[debug] [2026-08-06T03:19:49.341Z] Checked if tokens are valid: true, expires at: 1785987433793
[debug] [2026-08-06T03:19:49.341Z] Checked if tokens are valid: true, expires at: 1785987433793
[debug] [2026-08-06T03:19:49.341Z] >>> [apiv2][query] POST https://cloudresourcemanager.googleapis.com/v1/projects/thesougeiwariate:setIamPolicy [none]
[debug] [2026-08-06T03:19:49.341Z] >>> [apiv2][body] POST https://cloudresourcemanager.googleapis.com/v1/projects/thesougeiwariate:setIamPolicy {"policy":{"version":1,"etag":"BwZYWFsgMNY=","bindings":[{"role":"roles/cloudbuild.builds.builder","members":["serviceAccount:255173728245@cloudbuild.gserviceaccount.com"]},{"role":"roles/cloudbuild.serviceAgent","members":["serviceAccount:service-255173728245@gcp-sa-cloudbuild.iam.gserviceaccount.com"]},{"role":"roles/cloudfunctions.serviceAgent","members":["serviceAccount:service-255173728245@gcf-admin-robot.iam.gserviceaccount.com"]},{"role":"roles/containerregistry.ServiceAgent","members":["serviceAccount:service-255173728245@containerregistry.iam.gserviceaccount.com"]},{"role":"roles/editor","members":["serviceAccount:255173728245-compute@developer.gserviceaccount.com","serviceAccount:thesougeiwariate@appspot.gserviceaccount.com"]},{"role":"roles/firebase.managementServiceAgent","members":["serviceAccount:service-255173728245@gcp-sa-firebase.iam.gserviceaccount.com"]},{"role":"roles/firebase.sdkAdminServiceAgent","members":["serviceAccount:firebase-adminsdk-fbsvc@thesougeiwariate.iam.gserviceaccount.com","serviceAccount:firebase-app-hosting-compute@thesougeiwariate.iam.gserviceaccount.com"]},{"role":"roles/firebaseauth.admin","members":["serviceAccount:firebase-adminsdk-fbsvc@thesougeiwariate.iam.gserviceaccount.com"]},{"role":"roles/firebasedatabase.admin","members":["serviceAccount:firebase-adminsdk-fbsvc@thesougeiwariate.iam.gserviceaccount.com"]},{"role":"roles/firebasedataconnect.serviceAgent","members":["serviceAccount:service-255173728245@gcp-sa-firebasedataconnect.iam.gserviceaccount.com"]},{"role":"roles/firebasestorage.serviceAgent","members":["serviceAccount:service-255173728245@gcp-sa-firebasestorage.iam.gserviceaccount.com"]},{"role":"roles/iam.serviceAccountTokenCreator","members":["serviceAccount:firebase-adminsdk-fbsvc@thesougeiwariate.iam.gserviceaccount.com"]},{"role":"roles/owner","members":["user:hen.the.jima.sek1yu@gmail.com"]},{"role":"roles/run.serviceAgent","members":["serviceAccount:service-255173728245@serverless-robot-prod.iam.gserviceaccount.com"]},{"role":"roles/storage.admin","members":["serviceAccount:firebase-adminsdk-fbsvc@thesougeiwariate.iam.gserviceaccount.com"]},{"role":"roles/firebaseapphosting.computeRunner","members":["serviceAccount:firebase-app-hosting-compute@thesougeiwariate.iam.gserviceaccount.com"]},{"role":"roles/developerconnect.readTokenAccessor","members":["serviceAccount:firebase-app-hosting-compute@thesougeiwariate.iam.gserviceaccount.com"]},{"role":"roles/storage.objectViewer","members":["serviceAccount:firebase-app-hosting-compute@thesougeiwariate.iam.gserviceaccount.com"]}]},"updateMask":"bindings"}
[debug] [2026-08-06T03:19:50.336Z] <<< [apiv2][status] POST https://cloudresourcemanager.googleapis.com/v1/projects/thesougeiwariate:setIamPolicy 200
[debug] [2026-08-06T03:19:50.336Z] <<< [apiv2][body] POST https://cloudresourcemanager.googleapis.com/v1/projects/thesougeiwariate:setIamPolicy {"version":1,"etag":"BwZYWFxc1Yc=","bindings":[{"role":"roles/cloudbuild.builds.builder","members":["serviceAccount:255173728245@cloudbuild.gserviceaccount.com"]},{"role":"roles/cloudbuild.serviceAgent","members":["serviceAccount:service-255173728245@gcp-sa-cloudbuild.iam.gserviceaccount.com"]},{"role":"roles/cloudfunctions.serviceAgent","members":["serviceAccount:service-255173728245@gcf-admin-robot.iam.gserviceaccount.com"]},{"role":"roles/containerregistry.ServiceAgent","members":["serviceAccount:service-255173728245@containerregistry.iam.gserviceaccount.com"]},{"role":"roles/developerconnect.readTokenAccessor","members":["serviceAccount:firebase-app-hosting-compute@thesougeiwariate.iam.gserviceaccount.com"]},{"role":"roles/editor","members":["serviceAccount:255173728245-compute@developer.gserviceaccount.com","serviceAccount:thesougeiwariate@appspot.gserviceaccount.com"]},{"role":"roles/firebase.managementServiceAgent","members":["serviceAccount:service-255173728245@gcp-sa-firebase.iam.gserviceaccount.com"]},{"role":"roles/firebase.sdkAdminServiceAgent","members":["serviceAccount:firebase-adminsdk-fbsvc@thesougeiwariate.iam.gserviceaccount.com","serviceAccount:firebase-app-hosting-compute@thesougeiwariate.iam.gserviceaccount.com"]},{"role":"roles/firebaseapphosting.computeRunner","members":["serviceAccount:firebase-app-hosting-compute@thesougeiwariate.iam.gserviceaccount.com"]},{"role":"roles/firebaseauth.admin","members":["serviceAccount:firebase-adminsdk-fbsvc@thesougeiwariate.iam.gserviceaccount.com"]},{"role":"roles/firebasedatabase.admin","members":["serviceAccount:firebase-adminsdk-fbsvc@thesougeiwariate.iam.gserviceaccount.com"]},{"role":"roles/firebasedataconnect.serviceAgent","members":["serviceAccount:service-255173728245@gcp-sa-firebasedataconnect.iam.gserviceaccount.com"]},{"role":"roles/firebasestorage.serviceAgent","members":["serviceAccount:service-255173728245@gcp-sa-firebasestorage.iam.gserviceaccount.com"]},{"role":"roles/iam.serviceAccountTokenCreator","members":["serviceAccount:firebase-adminsdk-fbsvc@thesougeiwariate.iam.gserviceaccount.com"]},{"role":"roles/owner","members":["user:hen.the.jima.sek1yu@gmail.com"]},{"role":"roles/run.serviceAgent","members":["serviceAccount:service-255173728245@serverless-robot-prod.iam.gserviceaccount.com"]},{"role":"roles/storage.admin","members":["serviceAccount:firebase-adminsdk-fbsvc@thesougeiwariate.iam.gserviceaccount.com"]},{"role":"roles/storage.objectViewer","members":["serviceAccount:firebase-app-hosting-compute@thesougeiwariate.iam.gserviceaccount.com"]}]}
[info] i  This command links your local project to Firebase App Hosting. You will be able to deploy your web app with `firebase deploy` after setup. 
[info] i  === Set up your backend 
[debug] [2026-08-06T03:20:59.960Z] Checked if tokens are valid: true, expires at: 1785987433793
[debug] [2026-08-06T03:20:59.960Z] Checked if tokens are valid: true, expires at: 1785987433793
[debug] [2026-08-06T03:20:59.960Z] >>> [apiv2][query] GET https://firebaseapphosting.googleapis.com/v1beta/projects/thesougeiwariate/locations 
[debug] [2026-08-06T03:21:01.322Z] <<< [apiv2][status] GET https://firebaseapphosting.googleapis.com/v1beta/projects/thesougeiwariate/locations 200
[debug] [2026-08-06T03:21:01.322Z] <<< [apiv2][body] GET https://firebaseapphosting.googleapis.com/v1beta/projects/thesougeiwariate/locations {"locations":[{"name":"projects/thesougeiwariate/locations/asia-east1","locationId":"asia-east1","displayName":"Taiwan"},{"name":"projects/thesougeiwariate/locations/asia-southeast1","locationId":"asia-southeast1","displayName":"Singapore"},{"name":"projects/thesougeiwariate/locations/europe-west4","locationId":"europe-west4","displayName":"Netherlands"},{"name":"projects/thesougeiwariate/locations/us-central1","locationId":"us-central1","displayName":"Iowa"},{"name":"projects/thesougeiwariate/locations/us-east4","locationId":"us-east4","displayName":"Northern Virginia"},{"name":"projects/thesougeiwariate/locations/us-east5","locationId":"us-east5","displayName":"Columbus"}]}
[info] ✔  Location set to asia-east1.
 
[debug] [2026-08-06T03:23:03.644Z] Checked if tokens are valid: false, expires at: 1785987433793
[debug] [2026-08-06T03:23:03.644Z] Checked if tokens are valid: false, expires at: 1785987433793
[debug] [2026-08-06T03:23:03.645Z] > refreshing access token with scopes: []
[debug] [2026-08-06T03:23:03.646Z] >>> [apiv2][query] POST https://www.googleapis.com/oauth2/v3/token [none]
[debug] [2026-08-06T03:23:03.646Z] >>> [apiv2][body] POST https://www.googleapis.com/oauth2/v3/token [omitted]
[debug] [2026-08-06T03:23:03.683Z] <<< [apiv2][status] POST https://www.googleapis.com/oauth2/v3/token 200
[debug] [2026-08-06T03:23:03.683Z] <<< [apiv2][body] POST https://www.googleapis.com/oauth2/v3/token [omitted]
[debug] [2026-08-06T03:23:03.688Z] >>> [apiv2][query] GET https://firebaseapphosting.googleapis.com/v1beta/projects/thesougeiwariate/locations/asia-east1/backends/kanae-webapp-backend [none]
[debug] [2026-08-06T03:23:04.009Z] <<< [apiv2][status] GET https://firebaseapphosting.googleapis.com/v1beta/projects/thesougeiwariate/locations/asia-east1/backends/kanae-webapp-backend 404
[debug] [2026-08-06T03:23:04.009Z] <<< [apiv2][body] GET https://firebaseapphosting.googleapis.com/v1beta/projects/thesougeiwariate/locations/asia-east1/backends/kanae-webapp-backend {"error":{"code":404,"message":"Resource 'projects/thesougeiwariate/locations/asia-east1/backends/kanae-webapp-backend' was not found","status":"NOT_FOUND","details":[{"@type":"type.googleapis.com/google.rpc.ResourceInfo","resourceName":"projects/thesougeiwariate/locations/asia-east1/backends/kanae-webapp-backend"}]}}
[info] ✔  Name set to kanae-webapp-backend
 
[debug] [2026-08-06T03:23:04.010Z] Checked if tokens are valid: true, expires at: 1785990182683
[debug] [2026-08-06T03:23:04.010Z] Checked if tokens are valid: true, expires at: 1785990182683
[debug] [2026-08-06T03:23:04.010Z] >>> [apiv2][query] GET https://firebase.googleapis.com/v1beta1/projects/thesougeiwariate/webApps pageSize=100
[debug] [2026-08-06T03:23:04.924Z] <<< [apiv2][status] GET https://firebase.googleapis.com/v1beta1/projects/thesougeiwariate/webApps 200
[debug] [2026-08-06T03:23:04.924Z] <<< [apiv2][body] GET https://firebase.googleapis.com/v1beta1/projects/thesougeiwariate/webApps {"apps":[{"name":"projects/thesougeiwariate/webApps/1:255173728245:web:60cb8888ba21062560b2bc","appId":"1:255173728245:web:60cb8888ba21062560b2bc","displayName":"叶e送迎割り当て表Ver.1","projectId":"thesougeiwariate","webId":"NDRjNDlmZWEtMDgxMC00OTQwLTg5MDUtZmQ2MzE5YzhkYTE3","apiKeyId":"52e18535-2f7a-4e30-a947-0553f9b98021","state":"ACTIVE","expireTime":"1970-01-01T00:00:00Z","etag":"1_60515520-b0e8-4fdf-98e1-492e62e4a410"}]}
[debug] [2026-08-06T03:23:04.925Z] Checked if tokens are valid: true, expires at: 1785990182683
[debug] [2026-08-06T03:23:04.925Z] Checked if tokens are valid: true, expires at: 1785990182683
[debug] [2026-08-06T03:23:04.925Z] >>> [apiv2][query] GET https://firebase.googleapis.com/v1beta1/projects/thesougeiwariate/webApps pageSize=100
[debug] [2026-08-06T03:23:05.555Z] <<< [apiv2][status] GET https://firebase.googleapis.com/v1beta1/projects/thesougeiwariate/webApps 200
[debug] [2026-08-06T03:23:05.555Z] <<< [apiv2][body] GET https://firebase.googleapis.com/v1beta1/projects/thesougeiwariate/webApps {"apps":[{"name":"projects/thesougeiwariate/webApps/1:255173728245:web:60cb8888ba21062560b2bc","appId":"1:255173728245:web:60cb8888ba21062560b2bc","displayName":"叶e送迎割り当て表Ver.1","projectId":"thesougeiwariate","webId":"NDRjNDlmZWEtMDgxMC00OTQwLTg5MDUtZmQ2MzE5YzhkYTE3","apiKeyId":"52e18535-2f7a-4e30-a947-0553f9b98021","state":"ACTIVE","expireTime":"1970-01-01T00:00:00Z","etag":"1_60515520-b0e8-4fdf-98e1-492e62e4a410"}]}
[debug] [2026-08-06T03:23:05.555Z] Checked if tokens are valid: true, expires at: 1785990182683
[debug] [2026-08-06T03:23:05.555Z] Checked if tokens are valid: true, expires at: 1785990182683
[debug] [2026-08-06T03:23:05.556Z] >>> [apiv2][query] POST https://firebase.googleapis.com/v1beta1/projects/thesougeiwariate/webApps [none]
[debug] [2026-08-06T03:23:05.556Z] >>> [apiv2][body] POST https://firebase.googleapis.com/v1beta1/projects/thesougeiwariate/webApps {"displayName":"kanae-webapp-backend"}
[debug] [2026-08-06T03:23:07.125Z] <<< [apiv2][status] POST https://firebase.googleapis.com/v1beta1/projects/thesougeiwariate/webApps 200
[debug] [2026-08-06T03:23:07.126Z] <<< [apiv2][body] POST https://firebase.googleapis.com/v1beta1/projects/thesougeiwariate/webApps {"name":"operations/workflows/ZGE0MTg3ZTQtNWVmOS00MDc4LTlhOTUtOTE2MDczYjVhZWNj"}
[debug] [2026-08-06T03:23:07.127Z] Checked if tokens are valid: true, expires at: 1785990182683
[debug] [2026-08-06T03:23:07.127Z] Checked if tokens are valid: true, expires at: 1785990182683
[debug] [2026-08-06T03:23:07.127Z] >>> [apiv2][query] GET https://firebase.googleapis.com/v1beta1/operations/workflows/ZGE0MTg3ZTQtNWVmOS00MDc4LTlhOTUtOTE2MDczYjVhZWNj [none]
[debug] [2026-08-06T03:23:07.754Z] <<< [apiv2][status] GET https://firebase.googleapis.com/v1beta1/operations/workflows/ZGE0MTg3ZTQtNWVmOS00MDc4LTlhOTUtOTE2MDczYjVhZWNj 200
[debug] [2026-08-06T03:23:07.754Z] <<< [apiv2][body] GET https://firebase.googleapis.com/v1beta1/operations/workflows/ZGE0MTg3ZTQtNWVmOS00MDc4LTlhOTUtOTE2MDczYjVhZWNj {"name":"operations/workflows/ZGE0MTg3ZTQtNWVmOS00MDc4LTlhOTUtOTE2MDczYjVhZWNj"}
[debug] [2026-08-06T03:23:08.254Z] [Create Web app Poller] Retrying task index 0
[debug] [2026-08-06T03:23:08.254Z] Checked if tokens are valid: true, expires at: 1785990182683
[debug] [2026-08-06T03:23:08.254Z] Checked if tokens are valid: true, expires at: 1785990182683
[debug] [2026-08-06T03:23:08.255Z] >>> [apiv2][query] GET https://firebase.googleapis.com/v1beta1/operations/workflows/ZGE0MTg3ZTQtNWVmOS00MDc4LTlhOTUtOTE2MDczYjVhZWNj [none]
[debug] [2026-08-06T03:23:08.827Z] <<< [apiv2][status] GET https://firebase.googleapis.com/v1beta1/operations/workflows/ZGE0MTg3ZTQtNWVmOS00MDc4LTlhOTUtOTE2MDczYjVhZWNj 200
[debug] [2026-08-06T03:23:08.827Z] <<< [apiv2][body] GET https://firebase.googleapis.com/v1beta1/operations/workflows/ZGE0MTg3ZTQtNWVmOS00MDc4LTlhOTUtOTE2MDczYjVhZWNj {"name":"operations/workflows/ZGE0MTg3ZTQtNWVmOS00MDc4LTlhOTUtOTE2MDczYjVhZWNj"}
[debug] [2026-08-06T03:23:09.828Z] [Create Web app Poller] Retrying task index 0
[debug] [2026-08-06T03:23:09.828Z] Checked if tokens are valid: true, expires at: 1785990182683
[debug] [2026-08-06T03:23:09.828Z] Checked if tokens are valid: true, expires at: 1785990182683
[debug] [2026-08-06T03:23:09.828Z] >>> [apiv2][query] GET https://firebase.googleapis.com/v1beta1/operations/workflows/ZGE0MTg3ZTQtNWVmOS00MDc4LTlhOTUtOTE2MDczYjVhZWNj [none]
[debug] [2026-08-06T03:23:10.250Z] <<< [apiv2][status] GET https://firebase.googleapis.com/v1beta1/operations/workflows/ZGE0MTg3ZTQtNWVmOS00MDc4LTlhOTUtOTE2MDczYjVhZWNj 200
[debug] [2026-08-06T03:23:10.250Z] <<< [apiv2][body] GET https://firebase.googleapis.com/v1beta1/operations/workflows/ZGE0MTg3ZTQtNWVmOS00MDc4LTlhOTUtOTE2MDczYjVhZWNj {"name":"operations/workflows/ZGE0MTg3ZTQtNWVmOS00MDc4LTlhOTUtOTE2MDczYjVhZWNj"}
[debug] [2026-08-06T03:23:12.251Z] [Create Web app Poller] Retrying task index 0
[debug] [2026-08-06T03:23:12.251Z] Checked if tokens are valid: true, expires at: 1785990182683
[debug] [2026-08-06T03:23:12.251Z] Checked if tokens are valid: true, expires at: 1785990182683
[debug] [2026-08-06T03:23:12.251Z] >>> [apiv2][query] GET https://firebase.googleapis.com/v1beta1/operations/workflows/ZGE0MTg3ZTQtNWVmOS00MDc4LTlhOTUtOTE2MDczYjVhZWNj [none]
[debug] [2026-08-06T03:23:12.764Z] <<< [apiv2][status] GET https://firebase.googleapis.com/v1beta1/operations/workflows/ZGE0MTg3ZTQtNWVmOS00MDc4LTlhOTUtOTE2MDczYjVhZWNj 200
[debug] [2026-08-06T03:23:12.765Z] <<< [apiv2][body] GET https://firebase.googleapis.com/v1beta1/operations/workflows/ZGE0MTg3ZTQtNWVmOS00MDc4LTlhOTUtOTE2MDczYjVhZWNj {"name":"operations/workflows/ZGE0MTg3ZTQtNWVmOS00MDc4LTlhOTUtOTE2MDczYjVhZWNj","done":true,"response":{"@type":"type.googleapis.com/google.firebase.service.v1beta1.WebApp","name":"projects/thesougeiwariate/webApps/1:255173728245:web:26e527174254d05a60b2bc","appId":"1:255173728245:web:26e527174254d05a60b2bc","displayName":"kanae-webapp-backend","projectId":"thesougeiwariate","webId":"ZWYzODZiNTItY2FlZS00YzA2LThlNTEtZTRiNDNhZjIyZTE5","apiKeyId":"52e18535-2f7a-4e30-a947-0553f9b98021","state":"ACTIVE","expireTime":"1970-01-01T00:00:00Z","etag":"1_1384c329-6c3b-481f-aeb5-5a069e22058c"}}
[info] ✔  Created a new Firebase web app named "kanae-webapp-backend" 
[debug] [2026-08-06T03:23:12.774Z] Checked if tokens are valid: true, expires at: 1785990182683
[debug] [2026-08-06T03:23:12.774Z] Checked if tokens are valid: true, expires at: 1785990182683
[debug] [2026-08-06T03:23:12.774Z] >>> [apiv2][query] GET https://firebaseapphosting.googleapis.com/v1beta/projects/thesougeiwariate/locations/asia-east1/supportedRuntimes [none]
[debug] [2026-08-06T03:23:16.048Z] <<< [apiv2][status] GET https://firebaseapphosting.googleapis.com/v1beta/projects/thesougeiwariate/locations/asia-east1/supportedRuntimes 200
[debug] [2026-08-06T03:23:16.048Z] <<< [apiv2][body] GET https://firebaseapphosting.googleapis.com/v1beta/projects/thesougeiwariate/locations/asia-east1/supportedRuntimes {"supportedRuntimes":[{"name":"projects/thesougeiwariate/locations/asia-east1/supportedRuntimes/nodejs","runtimeId":"nodejs"},{"name":"projects/thesougeiwariate/locations/asia-east1/supportedRuntimes/nodejs22","runtimeId":"nodejs22","automaticBaseImageUpdatesSupported":true,"deprecateTime":"2027-04-30T00:00:00Z","decommissionTime":"2027-10-31T00:00:00Z"},{"name":"projects/thesougeiwariate/locations/asia-east1/supportedRuntimes/nodejs24","runtimeId":"nodejs24","automaticBaseImageUpdatesSupported":true,"deprecateTime":"2028-04-30T00:00:00Z","decommissionTime":"2028-10-31T00:00:00Z"}]}
[debug] [2026-08-06T03:24:41.081Z] Checked if tokens are valid: true, expires at: 1785990182683
[debug] [2026-08-06T03:24:41.081Z] Checked if tokens are valid: true, expires at: 1785990182683
[debug] [2026-08-06T03:24:41.081Z] >>> [apiv2][query] POST https://firebaseapphosting.googleapis.com/v1beta/projects/thesougeiwariate/locations/asia-east1/backends backendId=kanae-webapp-backend
[debug] [2026-08-06T03:24:41.081Z] >>> [apiv2][body] POST https://firebaseapphosting.googleapis.com/v1beta/projects/thesougeiwariate/locations/asia-east1/backends {"servingLocality":"GLOBAL_ACCESS","labels":{"deployment-tool":"cli-firebase"},"serviceAccount":"firebase-app-hosting-compute@thesougeiwariate.iam.gserviceaccount.com","appId":"1:255173728245:web:26e527174254d05a60b2bc","runtime":{"value":"nodejs24"}}
[debug] [2026-08-06T03:24:42.893Z] <<< [apiv2][status] POST https://firebaseapphosting.googleapis.com/v1beta/projects/thesougeiwariate/locations/asia-east1/backends 200
[debug] [2026-08-06T03:24:42.893Z] <<< [apiv2][body] POST https://firebaseapphosting.googleapis.com/v1beta/projects/thesougeiwariate/locations/asia-east1/backends {"name":"projects/thesougeiwariate/locations/asia-east1/operations/operation-1785986682318-658586dc5ee83-eb937e7a-3663eb8e","metadata":{"@type":"type.googleapis.com/google.firebase.apphosting.v1beta.OperationMetadata","createTime":"2026-08-06T03:24:42.857601272Z","target":"projects/thesougeiwariate/locations/asia-east1/backends/kanae-webapp-backend","verb":"create","requestedCancellation":false,"apiVersion":"v1beta"},"done":false}
[debug] [2026-08-06T03:24:42.893Z] Checked if tokens are valid: true, expires at: 1785990182683
[debug] [2026-08-06T03:24:42.893Z] Checked if tokens are valid: true, expires at: 1785990182683
[debug] [2026-08-06T03:24:42.893Z] >>> [apiv2][query] GET https://firebaseapphosting.googleapis.com/v1beta/projects/thesougeiwariate/locations/asia-east1/operations/operation-1785986682318-658586dc5ee83-eb937e7a-3663eb8e [none]
[debug] [2026-08-06T03:24:43.190Z] <<< [apiv2][status] GET https://firebaseapphosting.googleapis.com/v1beta/projects/thesougeiwariate/locations/asia-east1/operations/operation-1785986682318-658586dc5ee83-eb937e7a-3663eb8e 200
[debug] [2026-08-06T03:24:43.190Z] <<< [apiv2][body] GET https://firebaseapphosting.googleapis.com/v1beta/projects/thesougeiwariate/locations/asia-east1/operations/operation-1785986682318-658586dc5ee83-eb937e7a-3663eb8e {"name":"projects/thesougeiwariate/locations/asia-east1/operations/operation-1785986682318-658586dc5ee83-eb937e7a-3663eb8e","metadata":{"@type":"type.googleapis.com/google.firebase.apphosting.v1beta.OperationMetadata","createTime":"2026-08-06T03:24:42.857601272Z","target":"projects/thesougeiwariate/locations/asia-east1/backends/kanae-webapp-backend","verb":"create","requestedCancellation":false,"apiVersion":"v1beta"},"done":false}
[debug] [2026-08-06T03:24:43.690Z] [create-thesougeiwariate-asia-east1-kanae-webapp-backend] Retrying task index 0
[debug] [2026-08-06T03:24:43.690Z] Checked if tokens are valid: true, expires at: 1785990182683
[debug] [2026-08-06T03:24:43.690Z] Checked if tokens are valid: true, expires at: 1785990182683
[debug] [2026-08-06T03:24:43.691Z] >>> [apiv2][query] GET https://firebaseapphosting.googleapis.com/v1beta/projects/thesougeiwariate/locations/asia-east1/operations/operation-1785986682318-658586dc5ee83-eb937e7a-3663eb8e [none]
[debug] [2026-08-06T03:24:43.974Z] <<< [apiv2][status] GET https://firebaseapphosting.googleapis.com/v1beta/projects/thesougeiwariate/locations/asia-east1/operations/operation-1785986682318-658586dc5ee83-eb937e7a-3663eb8e 200
[debug] [2026-08-06T03:24:43.975Z] <<< [apiv2][body] GET https://firebaseapphosting.googleapis.com/v1beta/projects/thesougeiwariate/locations/asia-east1/operations/operation-1785986682318-658586dc5ee83-eb937e7a-3663eb8e {"name":"projects/thesougeiwariate/locations/asia-east1/operations/operation-1785986682318-658586dc5ee83-eb937e7a-3663eb8e","metadata":{"@type":"type.googleapis.com/google.firebase.apphosting.v1beta.OperationMetadata","createTime":"2026-08-06T03:24:42.857601272Z","endTime":"2026-08-06T03:24:43.384212976Z","target":"projects/thesougeiwariate/locations/asia-east1/backends/kanae-webapp-backend","verb":"create","requestedCancellation":false,"apiVersion":"v1beta"},"done":true,"response":{"@type":"type.googleapis.com/google.firebase.apphosting.v1beta.Backend","name":"projects/thesougeiwariate/locations/asia-east1/backends/kanae-webapp-backend","createTime":"2026-08-06T03:24:42.850375125Z","updateTime":"2026-08-06T03:24:43.379146Z","labels":{"deployment-tool":"cli-firebase"},"uri":"kanae-webapp-backend--thesougeiwariate.asia-east1.hosted.app","uid":"56530964-d6ce-4049-9d21-dbc29e686294","etag":"D-m72uZECAZyrK6qfsNYmMZkf8i6u2AViRKK5gBnpVE","reconciling":false,"servingLocality":"GLOBAL_ACCESS","serviceAccount":"firebase-app-hosting-compute@thesougeiwariate.iam.gserviceaccount.com","appId":"1:255173728245:web:26e527174254d05a60b2bc","runtime":{"value":"nodejs24"}}}
[info] i  === Deploy local source setup 
[info] ✔  Wrote configuration info to firebase.json 
[info] i  Writing default settings to apphosting.yaml... 
[info] ✔  Wrote /workspaces/pudo_kanae_1/PUDOWebApp/apphosting.yaml 
[info] ✔  Firebase initialization complete! 
[info] 
=== Hosting Setup
[debug] [2026-08-06T03:27:44.181Z] Checked if tokens are valid: true, expires at: 1785990182683
[debug] [2026-08-06T03:27:44.181Z] Checked if tokens are valid: true, expires at: 1785990182683
[debug] [2026-08-06T03:27:44.182Z] >>> [apiv2][query] GET https://firebase.googleapis.com/v1beta1/projects/thesougeiwariate [none]
[debug] [2026-08-06T03:27:44.549Z] <<< [apiv2][status] GET https://firebase.googleapis.com/v1beta1/projects/thesougeiwariate 200
[debug] [2026-08-06T03:27:44.549Z] <<< [apiv2][body] GET https://firebase.googleapis.com/v1beta1/projects/thesougeiwariate {"projectId":"thesougeiwariate","projectNumber":"255173728245","displayName":"Thesougeiwariate","name":"projects/thesougeiwariate","resources":{"hostingSite":"thesougeiwariate","realtimeDatabaseInstance":"thesougeiwariate-default-rtdb"},"state":"ACTIVE","labels":{"firebase":"enabled","firebase/storage-default-bucket":"created"},"etag":"1_b6572730-96cc-4f98-bb40-cfb54176a643"}
[info] 
[info] Your public directory is the folder (relative to your project directory) that
[info] will contain Hosting assets to be uploaded with firebase deploy. If you
[info] have a build process for your assets, use your build's output directory.
[info] 
[info] 
[info] i  Detected a .git folder at /workspaces/pudo_kanae_1 
[info] i  Authorizing with GitHub to upload your service account to a GitHub repository's secrets store. 
[info] 
[info] Visit this URL on this device to log in:
[info] https://github.com/login/oauth/authorize?client_id=89cf50f02ac6aaed3484&state=876132392&redirect_uri=http%3A%2F%2Flocalhost%3A9005&scope=read%3Auser%20repo%20public_repo
[info] 
[info] Waiting for authentication...
